INSERT INTO TS_DICT_TYPE(TYPE_CODE,TYPE_NAME,TYPE_NAME_EN)  VALUES ('LOGINSTATUS','登陆状态','Status');
INSERT INTO TS_DICT_TYPE(TYPE_CODE,TYPE_NAME,TYPE_NAME_EN)  VALUES ('GENDER','性别', 'Gender');
INSERT INTO TS_DICT_TYPE(TYPE_CODE,TYPE_NAME,TYPE_NAME_EN)  VALUES ('ORGNIZATION_DIMENSION','组织架构维度','Dimension');
--INSERT INTO TS_DICT_TYPE(TYPE_CODE,TYPE_NAME,TYPE_NAME_EN)  VALUES ('DATA_PERMISSION_VALUE_TYPE','数据权限值类型','Data Permission');
INSERT INTO TS_DICT_TYPE(TYPE_CODE,TYPE_NAME,TYPE_NAME_EN)  VALUES ('ORGNIZATION_TYPE','组织架构类型','Type');
INSERT INTO TS_DICT_TYPE(TYPE_CODE,TYPE_NAME,TYPE_NAME_EN)  VALUES ('ENABLE_STATUS','启用状态','Enabled');
INSERT INTO TS_DICT_TYPE(TYPE_CODE,TYPE_NAME,TYPE_NAME_EN)  VALUES ('YES_OR_NO','是/否','Y/N');

INSERT INTO TS_DICT_TYPE(TYPE_CODE,TYPE_NAME,TYPE_NAME_EN)  VALUES ('ENABLED','启用','Enabled');
--
--INSERT INTO TS_DICT_ENTRY(TYPE_ID,ENTRY_CODE,ENTRY_NAME,ENTRY_NAME_EN,SORT_NO) VALUES ((SELECT ID FROM TS_DICT_TYPE WHERE TYPE_CODE='DATA_PERMISSION_VALUE_TYPE'),'SINGLE','单个值','SINGLE',2);
--INSERT INTO TS_DICT_ENTRY(TYPE_ID,ENTRY_CODE,ENTRY_NAME,ENTRY_NAME_EN,SORT_NO) VALUES ((SELECT ID FROM TS_DICT_TYPE WHERE TYPE_CODE='DATA_PERMISSION_VALUE_TYPE'),'MULTI','多值','MULTI',1);
--INSERT INTO TS_DICT_ENTRY(TYPE_ID,ENTRY_CODE,ENTRY_NAME,ENTRY_NAME_EN,SORT_NO) VALUES ((SELECT ID FROM TS_DICT_TYPE WHERE TYPE_CODE='DATA_PERMISSION_VALUE_TYPE'),'RANGE_NORMAL','普通区间','RANGE_NORMAL',3);
--INSERT INTO TS_DICT_ENTRY(TYPE_ID,ENTRY_CODE,ENTRY_NAME,ENTRY_NAME_EN,SORT_NO) VALUES ((SELECT ID FROM TS_DICT_TYPE WHERE TYPE_CODE='DATA_PERMISSION_VALUE_TYPE'),'RANGE_DATE','日期区间','RANGE_DATE',4);
--INSERT INTO TS_DICT_ENTRY(TYPE_ID,ENTRY_CODE,ENTRY_NAME,ENTRY_NAME_EN,SORT_NO) VALUES ((SELECT ID FROM TS_DICT_TYPE WHERE TYPE_CODE='DATA_PERMISSION_VALUE_TYPE'),'SQL','SQL','SQL',5);

INSERT INTO TS_DICT_ENTRY(TYPE_ID,ENTRY_CODE,ENTRY_NAME,ENTRY_NAME_EN,SORT_NO) VALUES ((SELECT ID FROM TS_DICT_TYPE WHERE TYPE_CODE='LOGINSTATUS') ,'NORMAL','正常','Normal',1);
INSERT INTO TS_DICT_ENTRY(TYPE_ID,ENTRY_CODE,ENTRY_NAME,ENTRY_NAME_EN,SORT_NO) VALUES ((SELECT ID FROM TS_DICT_TYPE WHERE TYPE_CODE='LOGINSTATUS' ),'LOCK','锁定','Locked',2);

INSERT INTO TS_DICT_ENTRY(TYPE_ID,ENTRY_CODE,ENTRY_NAME,ENTRY_NAME_EN,SORT_NO) VALUES ((SELECT ID FROM TS_DICT_TYPE WHERE TYPE_CODE='GENDER') ,'M','男','Male',1);
INSERT INTO TS_DICT_ENTRY(TYPE_ID,ENTRY_CODE,ENTRY_NAME,ENTRY_NAME_EN,SORT_NO) VALUES ((SELECT ID FROM TS_DICT_TYPE WHERE TYPE_CODE='GENDER'),'F','女','Female',2);
INSERT INTO TS_DICT_ENTRY(TYPE_ID,ENTRY_CODE,ENTRY_NAME,ENTRY_NAME_EN,SORT_NO) VALUES ((SELECT ID FROM TS_DICT_TYPE WHERE TYPE_CODE='GENDER'),'U','未知','Unknow',3);

INSERT INTO TS_DICT_ENTRY(TYPE_ID,ENTRY_CODE,ENTRY_NAME,ENTRY_NAME_EN,SORT_NO) VALUES ((SELECT ID FROM TS_DICT_TYPE WHERE TYPE_CODE='ORGNIZATION_TYPE'),'COMPANY','公司','Company',1);
INSERT INTO TS_DICT_ENTRY(TYPE_ID,ENTRY_CODE,ENTRY_NAME,ENTRY_NAME_EN,SORT_NO) VALUES ((SELECT ID FROM TS_DICT_TYPE WHERE TYPE_CODE='ORGNIZATION_TYPE'),'PART','部门','Department',2);

insert into TS_DICT_ENTRY(TYPE_ID,ENTRY_CODE,ENTRY_NAME,ENTRY_NAME_EN,SORT_NO) VALUES ((SELECT ID FROM TS_DICT_TYPE WHERE TYPE_CODE='ORGNIZATION_DIMENSION'),'ADMIN','行政维度','Admin',1);

INSERT INTO TS_DICT_ENTRY(TYPE_ID,ENTRY_CODE,ENTRY_NAME,ENTRY_NAME_EN,SORT_NO) VALUES ((SELECT ID FROM TS_DICT_TYPE WHERE TYPE_CODE='ENABLE_STATUS') ,'ENABLE','启用','Enable',1);
INSERT INTO TS_DICT_ENTRY(TYPE_ID,ENTRY_CODE,ENTRY_NAME,ENTRY_NAME_EN,SORT_NO) VALUES ((SELECT ID FROM TS_DICT_TYPE WHERE TYPE_CODE='ENABLE_STATUS' ),'DISABLE','禁用','Disable',2);

INSERT INTO TS_DICT_ENTRY(TYPE_ID,ENTRY_CODE,ENTRY_NAME,ENTRY_NAME_EN,SORT_NO) VALUES ((SELECT ID FROM TS_DICT_TYPE WHERE TYPE_CODE='YES_OR_NO'),'Y','是','Yes',1);
INSERT INTO TS_DICT_ENTRY(TYPE_ID,ENTRY_CODE,ENTRY_NAME,ENTRY_NAME_EN,SORT_NO) VALUES ((SELECT ID FROM TS_DICT_TYPE WHERE TYPE_CODE='YES_OR_NO'),'N','否','No',2);

INSERT INTO TS_DICT_ENTRY(TYPE_ID,ENTRY_CODE,ENTRY_NAME,ENTRY_NAME_EN,SORT_NO) VALUES ((SELECT ID FROM TS_DICT_TYPE WHERE TYPE_CODE='ENABLED'),'ON','是','On',1);
INSERT INTO TS_DICT_ENTRY(TYPE_ID,ENTRY_CODE,ENTRY_NAME,ENTRY_NAME_EN,SORT_NO) VALUES ((SELECT ID FROM TS_DICT_TYPE WHERE TYPE_CODE='ENABLED'),'OFF','否','Off',2);

--物料类型字典
INSERT INTO TS_DICT_TYPE(TYPE_CODE,TYPE_NAME,TYPE_NAME_EN,MARK_FOR_DELETE)  VALUES ('PART_TYPE','物料类型','Part Type','0');
INSERT INTO TS_DICT_ENTRY(TYPE_ID,ENTRY_CODE,ENTRY_NAME,ENTRY_NAME_EN,SORT_NO) VALUES ((SELECT ID FROM TS_DICT_TYPE WHERE TYPE_CODE='PART_TYPE') ,'FINISHED','成品','Finished Product',1);
INSERT INTO TS_DICT_ENTRY(TYPE_ID,ENTRY_CODE,ENTRY_NAME,ENTRY_NAME_EN,SORT_NO) VALUES ((SELECT ID FROM TS_DICT_TYPE WHERE TYPE_CODE='PART_TYPE'),'SEMI_FINISHED','半成品','Semi-finished Product',2);
INSERT INTO TS_DICT_ENTRY(TYPE_ID,ENTRY_CODE,ENTRY_NAME,ENTRY_NAME_EN,SORT_NO) VALUES ((SELECT ID FROM TS_DICT_TYPE WHERE TYPE_CODE='PART_TYPE'),'PARTS','零件','parts',3);

--工艺路径站点类型字典
INSERT INTO TS_DICT_TYPE(TYPE_CODE,TYPE_NAME,TYPE_NAME_EN,MARK_FOR_DELETE)  VALUES ('PATH_ULOC_TYPE','工艺路径站点类型','Path Uoc Type','0');
INSERT INTO TS_DICT_ENTRY(TYPE_ID,ENTRY_CODE,ENTRY_NAME,ENTRY_NAME_EN,SORT_NO) VALUES ((SELECT ID FROM TS_DICT_TYPE WHERE TYPE_CODE='PATH_ULOC_TYPE') ,'ONLINE','上线点','online',1);
INSERT INTO TS_DICT_ENTRY(TYPE_ID,ENTRY_CODE,ENTRY_NAME,ENTRY_NAME_EN,SORT_NO) VALUES ((SELECT ID FROM TS_DICT_TYPE WHERE TYPE_CODE='PATH_ULOC_TYPE'),'COMMON','普通站点','common',2);
INSERT INTO TS_DICT_ENTRY(TYPE_ID,ENTRY_CODE,ENTRY_NAME,ENTRY_NAME_EN,SORT_NO) VALUES ((SELECT ID FROM TS_DICT_TYPE WHERE TYPE_CODE='PATH_ULOC_TYPE'),'OFFLINE','下线点','offline',3);

--系统管理
INSERT INTO TS_LANGUAGE(CODE,ZH_CN,EN_US,OPT_COUNTER) VALUES ('MENU_SYSTEM_MANAGEMENT','系统管理','System Management',0);
INSERT INTO TS_MENU (ID, PARENT_ID, MENU_NAME, ICON_CLS) VALUES (99, null, 'MENU_SYSTEM_MANAGEMENT', 'laptop');

INSERT INTO TS_LANGUAGE(CODE,ZH_CN,EN_US,OPT_COUNTER) VALUES ('MENU_USER_MANAGEMENT','用户管理','User Management',0);
INSERT INTO TS_MENU (ID, PARENT_ID, MENU_NAME, ICON_CLS, PAGE_URL ) VALUES (9901, 99, 'MENU_USER_MANAGEMENT', 'user', '/user/listInput.do' );
INSERT INTO TS_PERMISSION (ID, MENU_ID, PERMISSION_CODE, PERMISSION_NAME,IS_MENU_PERMISSION) VALUES (990101, 9901, 'UserView', '用户查看',1);
INSERT INTO TS_PERMISSION (ID, MENU_ID, PERMISSION_CODE, PERMISSION_NAME,IS_MENU_PERMISSION) VALUES (990102, 9901, 'UserEdit', '用户编辑',0);

INSERT INTO TS_LANGUAGE(CODE,ZH_CN,EN_US,OPT_COUNTER) VALUES ('MENU_ROLE_MANAGEMENT','角色管理','Role Management',0);
INSERT INTO TS_MENU (ID, PARENT_ID, MENU_NAME, ICON_CLS, PAGE_URL ) VALUES (9902, 99, 'MENU_ROLE_MANAGEMENT', 'cog', '/role/listInput.do' );
INSERT INTO TS_PERMISSION (ID, MENU_ID, PERMISSION_CODE, PERMISSION_NAME,IS_MENU_PERMISSION) VALUES (990201, 9902, 'RoleView', '角色查看',1);
INSERT INTO TS_PERMISSION (ID, MENU_ID, PERMISSION_CODE, PERMISSION_NAME,IS_MENU_PERMISSION) VALUES (990202, 9902, 'RoleEdit', '角色编辑',0);

INSERT INTO TS_LANGUAGE(CODE,ZH_CN,EN_US,OPT_COUNTER) VALUES ('MENU_DICTIONARY_TYPE_MANAGEMENT','字典类型管理','Dictionary Type',0);
INSERT INTO TS_MENU (ID, PARENT_ID, MENU_NAME, ICON_CLS, PAGE_URL ) VALUES (9903, 99, 'MENU_DICTIONARY_TYPE_MANAGEMENT', 'book', '/type/listInput.do' );
INSERT INTO TS_PERMISSION (ID, MENU_ID, PERMISSION_CODE, PERMISSION_NAME,IS_MENU_PERMISSION) VALUES (990301, 9903, 'TypeView', '字典类型查看',1);
INSERT INTO TS_PERMISSION (ID, MENU_ID, PERMISSION_CODE, PERMISSION_NAME,IS_MENU_PERMISSION) VALUES (990302, 9903, 'TypeEdit', '字典类型编辑',0);

INSERT INTO TS_LANGUAGE(CODE,ZH_CN,EN_US,OPT_COUNTER) VALUES ('MENU_DICTIONARY_PARAMETER_MANAGEMENT','字典参数管理','Dictionary Parameter',0);
INSERT INTO TS_MENU (ID, PARENT_ID, MENU_NAME, ICON_CLS, PAGE_URL ) VALUES (9904, 99, 'MENU_DICTIONARY_PARAMETER_MANAGEMENT', 'archive', '/entry/listInput.do' );
INSERT INTO TS_PERMISSION (ID, MENU_ID, PERMISSION_CODE, PERMISSION_NAME,IS_MENU_PERMISSION) VALUES (990401, 9904, 'EntryView', '字典参数查看',1);
INSERT INTO TS_PERMISSION (ID, MENU_ID, PERMISSION_CODE, PERMISSION_NAME,IS_MENU_PERMISSION) VALUES (990402, 9904, 'EntryEdit', '字典参数编辑',0);

INSERT INTO TS_LANGUAGE(CODE,ZH_CN,EN_US,OPT_COUNTER) VALUES ('MENU_ORGNIZATION_MANAGEMENT','组织架构管理','Orgnization Management',0);
INSERT INTO TS_MENU (ID, PARENT_ID, MENU_NAME, ICON_CLS, PAGE_URL ) VALUES (9905, 99, 'MENU_ORGNIZATION_MANAGEMENT', 'sitemap', '/orgnization/listTreeInput.do' );
INSERT INTO TS_PERMISSION (ID, MENU_ID, PERMISSION_CODE, PERMISSION_NAME,IS_MENU_PERMISSION) VALUES (990501, 9905, 'OrgnizationView', '组织架构查看',1);
INSERT INTO TS_PERMISSION (ID, MENU_ID, PERMISSION_CODE, PERMISSION_NAME,IS_MENU_PERMISSION) VALUES (990502, 9905, 'OrgnizationEdit', '组织架构编辑',0);
INSERT INTO TS_PERMISSION (ID, MENU_ID, PERMISSION_CODE, PERMISSION_NAME,IS_MENU_PERMISSION) VALUES (990503, 9905, 'OrgnizationAdd', '组织架构新增',0);
INSERT INTO TS_PERMISSION (ID, MENU_ID, PERMISSION_CODE, PERMISSION_NAME,IS_MENU_PERMISSION) VALUES (990504, 9905, 'OrgnizationDelete', '组织架构删除',0);
INSERT INTO TS_PERMISSION (ID, MENU_ID, PERMISSION_CODE, PERMISSION_NAME,IS_MENU_PERMISSION) VALUES (990505, 9905, 'PositionAdd', '岗位新增',0);
INSERT INTO TS_PERMISSION (ID, MENU_ID, PERMISSION_CODE, PERMISSION_NAME,IS_MENU_PERMISSION) VALUES (990506, 9905, 'PositionEdit', '岗位编辑',0);
INSERT INTO TS_PERMISSION (ID, MENU_ID, PERMISSION_CODE, PERMISSION_NAME,IS_MENU_PERMISSION) VALUES (990507, 9905, 'PositionDelete', '岗位删除',0);
INSERT INTO TS_PERMISSION (ID, MENU_ID, PERMISSION_CODE, PERMISSION_NAME,IS_MENU_PERMISSION) VALUES (990508, 9905, 'UserOrgEdit', '人员编辑',0);


INSERT INTO TS_LANGUAGE(CODE,ZH_CN,EN_US,OPT_COUNTER) VALUES ('MENU_PARAMETER_MANAGEMENT','参数管理','Parameter Management',0);
INSERT INTO TS_MENU (ID, PARENT_ID, MENU_NAME, ICON_CLS, PAGE_URL ) VALUES (9906, 99, 'MENU_PARAMETER_MANAGEMENT', 'archive', '/parameter/listInput.do' );
INSERT INTO TS_PERMISSION (ID, MENU_ID, PERMISSION_CODE, PERMISSION_NAME,IS_MENU_PERMISSION) VALUES (990601, 9906, 'ParameterView', '参数查看',1);
INSERT INTO TS_PERMISSION (ID, MENU_ID, PERMISSION_CODE, PERMISSION_NAME,IS_MENU_PERMISSION) VALUES (990602, 9906, 'ParameterEdit', '参数编辑',0);
INSERT INTO TS_PERMISSION (ID, MENU_ID, PERMISSION_CODE, PERMISSION_NAME,IS_MENU_PERMISSION) VALUES (990603, 9906, 'ParameterAdd', '参数添加',0);
INSERT INTO TS_PERMISSION (ID, MENU_ID, PERMISSION_CODE, PERMISSION_NAME,IS_MENU_PERMISSION) VALUES (990604, 9906, 'ParameterDelete', '参数删除',0);

INSERT INTO TS_PERMISSION (ID, MENU_ID, PERMISSION_CODE, PERMISSION_NAME,IS_MENU_PERMISSION) VALUES (991405, 9914, 'ParameterImport', '参数导入',0);
INSERT INTO TS_PERMISSION (ID, MENU_ID, PERMISSION_CODE, PERMISSION_NAME,IS_MENU_PERMISSION) VALUES (991406, 9914, 'ParameterExport', '参数导出',0);
INSERT INTO TS_PERMISSION (ID, MENU_ID, PERMISSION_CODE, PERMISSION_NAME,IS_MENU_PERMISSION) VALUES (991407, 9914, 'ValidationExpression', '验证表达式',0);

--INSERT INTO TS_LANGUAGE(CODE,ZH_CN,EN_US,OPT_COUNTER) VALUES ('MENU_FORM_PERMISSION_MANAGEMENT','表单权限管理','FormPermission Management',0);
--INSERT INTO TS_MENU (ID, PARENT_ID, MENU_NAME, ICON_CLS, PAGE_URL ) VALUES (9906, 99, 'MENU_FORM_PERMISSION_MANAGEMENT', 'list', '/formPermission/listInput.do' );
--INSERT INTO TS_PERMISSION (ID, MENU_ID, PERMISSION_CODE, PERMISSION_NAME,IS_MENU_PERMISSION) VALUES (990601, 9906, 'FormPermissionView', '表单权限查看',1);
--INSERT INTO TS_PERMISSION (ID, MENU_ID, PERMISSION_CODE, PERMISSION_NAME,IS_MENU_PERMISSION) VALUES (990602, 9906, 'FormPermissionEdit',   '表单权限编辑',0);
--
--INSERT INTO TS_LANGUAGE(CODE,ZH_CN,EN_US,OPT_COUNTER) VALUES ('MENU_DATA_PERMISSION_MANAGEMENT','数据权限管理','DataPermission Management',0);
--INSERT INTO TS_MENU (ID, PARENT_ID, MENU_NAME, ICON_CLS, PAGE_URL ) VALUES (9907, 99, 'MENU_DATA_PERMISSION_MANAGEMENT', 'th', '/dataPermission/listInput.do' );
--INSERT INTO TS_PERMISSION (ID, MENU_ID, PERMISSION_CODE, PERMISSION_NAME,IS_MENU_PERMISSION) VALUES (990701, 9907, 'DataPermissionView', '数据权限查看',1);
--INSERT INTO TS_PERMISSION (ID, MENU_ID, PERMISSION_CODE, PERMISSION_NAME,IS_MENU_PERMISSION) VALUES (990702, 9907, 'DataPermissionEdit',   '数据权限编辑',0);
--
--INSERT INTO TS_LANGUAGE(CODE,ZH_CN,EN_US,OPT_COUNTER) VALUES ('MENU_FORM_PERMISSION_SET_MANAGEMENT','表单权限集管理','FormPermissionSet Management',0);
--INSERT INTO TS_MENU (ID, PARENT_ID, MENU_NAME, ICON_CLS, PAGE_URL ) VALUES (9908, 99, 'MENU_FORM_PERMISSION_SET_MANAGEMENT', 'list-alt', '/formPermissionSet/listInput.do' );
--INSERT INTO TS_PERMISSION (ID, MENU_ID, PERMISSION_CODE, PERMISSION_NAME,IS_MENU_PERMISSION) VALUES (990801, 9908, 'FormPermissionSetView', '表单权限集查看',1);
--INSERT INTO TS_PERMISSION (ID, MENU_ID, PERMISSION_CODE, PERMISSION_NAME,IS_MENU_PERMISSION) VALUES (990802, 9908, 'FormPermissionSetEdit',   '表单权限集编辑',0);
--
--INSERT INTO TS_LANGUAGE(CODE,ZH_CN,EN_US,OPT_COUNTER) VALUES ('MENU_DATA_PERMISSION_SET_MANAGEMENT','数据权限集管理','DataPermissionSet Management',0);
--INSERT INTO TS_MENU (ID, PARENT_ID, MENU_NAME, ICON_CLS, PAGE_URL ) VALUES (9909, 99, 'MENU_DATA_PERMISSION_SET_MANAGEMENT', 'th-list', '/dataPermissionSet/listInput.do' );
--INSERT INTO TS_PERMISSION (ID, MENU_ID, PERMISSION_CODE, PERMISSION_NAME,IS_MENU_PERMISSION) VALUES (990901, 9909, 'DataPermissionSetView', '数据权限集查看',1);
--INSERT INTO TS_PERMISSION (ID, MENU_ID, PERMISSION_CODE, PERMISSION_NAME,IS_MENU_PERMISSION) VALUES (990902, 9909, 'DataPermissionSetEdit',   '数据权限集编辑',0);

INSERT INTO TS_LANGUAGE(CODE,ZH_CN,EN_US,OPT_COUNTER) VALUES ('MENU_SYSTEM_CONFIG_MANAGEMENT','系统配置管理','SystemConfig Management',0);
INSERT INTO TS_MENU (ID, PARENT_ID, MENU_NAME, ICON_CLS, PAGE_URL ) VALUES (9910, 99, 'MENU_SYSTEM_CONFIG_MANAGEMENT', 'foursquare', '/basis/configuration/listInput.do' );
INSERT INTO TS_PERMISSION (ID, MENU_ID, PERMISSION_CODE, PERMISSION_NAME,IS_MENU_PERMISSION) VALUES (991001, 9910, 'SystemConfigView', '系统配置查看',1);
INSERT INTO TS_PERMISSION (ID, MENU_ID, PERMISSION_CODE, PERMISSION_NAME,IS_MENU_PERMISSION) VALUES (991002, 9910, 'SystemConfigEdit',   '系统配置编辑',0);

INSERT INTO TS_GLOBAL_CONFIGURATION(SYS_KEY,NAME,SYS_VALUE,PROPERTY,REMARK) VALUES('PWD_REG_EXP','密码验证规则' ,'*6-18','*','设置密码验证规则');
INSERT INTO TS_GLOBAL_CONFIGURATION(SYS_KEY,NAME,SYS_VALUE,PROPERTY,REMARK) VALUES('PWD_DUPLICATION_VERIFY','启用密码重复校验' ,'true','*','设置是否启用密码重复校验');
INSERT INTO TS_GLOBAL_CONFIGURATION(SYS_KEY,NAME,SYS_VALUE,PROPERTY,REMARK) VALUES('DEL_PVP_COUNT','密码不重复次数' ,'3','n1-3','设置修改密码不能与前几次设置的密码重复');
INSERT INTO TS_GLOBAL_CONFIGURATION(SYS_KEY,NAME,SYS_VALUE,PROPERTY,REMARK) VALUES('PWD_VALIDITY_PERIOD_VERIFY','启用密码有效期校验' ,'true','*','设置是否启用密码有效期校验');
INSERT INTO TS_GLOBAL_CONFIGURATION(SYS_KEY,NAME,SYS_VALUE,PROPERTY,REMARK) VALUES('PWD_VALIDITY_PERIOD','密码有效期(天)' ,'90','n1-3','设置用户密码有效期');
INSERT INTO TS_GLOBAL_CONFIGURATION(SYS_KEY,NAME,SYS_VALUE,PROPERTY,REMARK) VALUES('PWD_RESET_DEFAULT','重置默认密码' ,'aaaa1111','*','重置密码使用此密码');
INSERT INTO TS_GLOBAL_CONFIGURATION(SYS_KEY,NAME,SYS_VALUE,PROPERTY,REMARK) VALUES('SMTP_HOST','SMTP服务器' ,'smtp.exmail.qq.com','*','设置SMTP主机地址');
INSERT INTO TS_GLOBAL_CONFIGURATION(SYS_KEY,NAME,SYS_VALUE,PROPERTY,REMARK) VALUES('SMTP_USER_NAME','邮件账户' ,'isbg_support@westinfosoft.com','e','设置系统发件人账户');
INSERT INTO TS_GLOBAL_CONFIGURATION(SYS_KEY,NAME,SYS_VALUE,PROPERTY,REMARK) VALUES('SMTP_PASSWORD','邮件账户密码' ,'isbg0822','*','设置系统发件人密码');
INSERT INTO TS_GLOBAL_CONFIGURATION(SYS_KEY,NAME,SYS_VALUE,PROPERTY,REMARK) VALUES('IMG_BASE_URL','图片资源根地址' ,'http://localhost:8080/static/images/','url','设置图片文件的根url');
INSERT INTO TS_GLOBAL_CONFIGURATION(SYS_KEY,NAME,SYS_VALUE,PROPERTY,REMARK) VALUES('ATTACHMENT_BASE_PATH','附件资源根目录' ,'D:\\app\\static\\attachments\\','*','设置文件资源存放的根目录');
INSERT INTO TS_GLOBAL_CONFIGURATION(SYS_KEY,NAME,SYS_VALUE,PROPERTY,REMARK) VALUES('IMG_BASE_PATH','图片资源根目录' ,'D:\\app\\static\\images\\','*','设置图片资源存放的根目录');
INSERT INTO TS_GLOBAL_CONFIGURATION(SYS_KEY,NAME,SYS_VALUE,PROPERTY,REMARK) VALUES('BPM_SEND_TASK_TODO_MAIL','任务创建时是否发送提醒邮件' ,'true','*','设置任务创建时是否发送提醒邮件');
--晚班时间点设置
INSERT INTO TS_GLOBAL_CONFIGURATION(SYS_KEY,NAME,SYS_VALUE,PROPERTY,REMARK) VALUES('NIGHTSHIFT_TIME_SET','晚班时间设置' ,'23:00:00-6:00:00','*','晚班时间区间');
INSERT INTO TS_GLOBAL_CONFIGURATION(SYS_KEY,NAME,SYS_VALUE,PROPERTY,REMARK) VALUES('IS_ALL_ROLLBACK','导入是否全部回滚' ,'true','*','excel导入是否全部回滚默认为true');
--导入日志
INSERT INTO TS_LANGUAGE(CODE,ZH_CN,EN_US,OPT_COUNTER) VALUES ('MENU_IMPORT_LOG','导入日志','Import Log',0);
INSERT INTO TS_MENU (ID, PARENT_ID, MENU_NAME, ICON_CLS, PAGE_URL ) VALUES (9915, 99, 'MENU_IMPORT_LOG', 'file-text-alt', '/importLog/listInput.do' );
INSERT INTO TS_PERMISSION (ID, MENU_ID, PERMISSION_CODE, PERMISSION_NAME,IS_MENU_PERMISSION) VALUES (991501, 9915, 'ImportLogView', '导入日志查看',1);

--系统监控
INSERT INTO TS_LANGUAGE(CODE,ZH_CN,EN_US,OPT_COUNTER) VALUES ('MENU_SYSTEM_MONITORING','系统监控','System Monitoring',0);
INSERT INTO TS_MENU (ID, PARENT_ID, MENU_NAME, ICON_CLS) VALUES (98, null, 'MENU_SYSTEM_MONITORING', 'eye-open');

INSERT INTO TS_LANGUAGE(CODE,ZH_CN,EN_US,OPT_COUNTER) VALUES ('MENU_AUDIT_LOG','审计日志','Audit Log',0);
INSERT INTO TS_MENU (ID, PARENT_ID, MENU_NAME, ICON_CLS, PAGE_URL ) VALUES (9801, 98, 'MENU_AUDIT_LOG', 'file-text-alt', '/audit/listInput.do' );
INSERT INTO TS_PERMISSION (ID, MENU_ID, PERMISSION_CODE, PERMISSION_NAME,IS_MENU_PERMISSION) VALUES (980101, 9801, 'AuditLogView', '审计日志查看',1);
INSERT INTO TS_PERMISSION (ID, MENU_ID, PERMISSION_CODE, PERMISSION_NAME,IS_MENU_PERMISSION) VALUES (980102, 9801, 'AuditLogEdit',   '审计日志编辑',0);

INSERT INTO TS_LANGUAGE(CODE,ZH_CN,EN_US,OPT_COUNTER) VALUES ('MENU_JOB','定时任务','Job Definiition',0);
INSERT INTO TS_MENU (ID, PARENT_ID, MENU_NAME, ICON_CLS, PAGE_URL ) VALUES (9802, 98, 'MENU_JOB', 'spinner', '/job/listInput.do' );
INSERT INTO TS_PERMISSION (ID, MENU_ID, PERMISSION_CODE, PERMISSION_NAME,IS_MENU_PERMISSION) VALUES (980201, 9802, 'JobView', '定时任务查看',1);
INSERT INTO TS_PERMISSION (ID, MENU_ID, PERMISSION_CODE, PERMISSION_NAME,IS_MENU_PERMISSION) VALUES (980202, 9802, 'JobEdit', '定时任务编辑',0);
INSERT INTO TS_PERMISSION (ID, MENU_ID, PERMISSION_CODE, PERMISSION_NAME,IS_MENU_PERMISSION) VALUES (980204, 9802, 'JobPause', '定时任务暂停',0);
INSERT INTO TS_PERMISSION (ID, MENU_ID, PERMISSION_CODE, PERMISSION_NAME,IS_MENU_PERMISSION) VALUES (980205, 9802, 'JobResume', '定时任务恢复',0);
INSERT INTO TS_PERMISSION (ID, MENU_ID, PERMISSION_CODE, PERMISSION_NAME,IS_MENU_PERMISSION) VALUES (980206, 9802, 'JobRunImmediately', '定时任务立即执行',0);
INSERT INTO TS_PERMISSION (ID, MENU_ID, PERMISSION_CODE, PERMISSION_NAME,IS_MENU_PERMISSION) VALUES (980207, 9802, 'JobLogView', '定时任务日志查看',0);

INSERT INTO TS_LANGUAGE(CODE,ZH_CN,EN_US,OPT_COUNTER) VALUES ('MENU_DATA_MONITORING','数据监控','Data Monitoring',0);
INSERT INTO TS_MENU (ID, PARENT_ID, MENU_NAME, ICON_CLS, PAGE_URL ) VALUES (9803, 98, 'MENU_DATA_MONITORING', 'tasks', '/dataSource/druid.do' );
INSERT INTO TS_PERMISSION (ID, MENU_ID, PERMISSION_CODE, PERMISSION_NAME,IS_MENU_PERMISSION) VALUES (980301, 9803, 'DataMonitorView', '数据监控查看',1);

INSERT INTO TS_LANGUAGE(CODE,ZH_CN,EN_US,OPT_COUNTER) VALUES ('MENU_SYSTEM_MONITORING','系统监控','System Monitoring',0);
INSERT INTO TS_MENU (ID, PARENT_ID, MENU_NAME, ICON_CLS, PAGE_URL ) VALUES (9804, 98, 'MENU_SYSTEM_MONITORING', 'laptop', '/system/monitor.do' );
INSERT INTO TS_PERMISSION (ID, MENU_ID, PERMISSION_CODE, PERMISSION_NAME,IS_MENU_PERMISSION) VALUES (980401, 9804, 'SystemMonitorView', '系统监控查看',1);
--消息中心
--INSERT INTO TS_LANGUAGE(CODE,ZH_CN,EN_US,OPT_COUNTER) VALUES ('MENU_MESSAGE_CENTER','消息中心','Message Center',0);
--insert into TS_MENU (ID, PARENT_ID, MENU_NAME, ICON_CLS) VALUES (97, null, 'MENU_MESSAGE_CENTER', 'comments');
--
--INSERT INTO TS_LANGUAGE(CODE,ZH_CN,EN_US,OPT_COUNTER) VALUES ('MENU_NOTIFICATION','通知','Notification',0);
--INSERT INTO TS_MENU (ID, PARENT_ID, MENU_NAME, ICON_CLS, PAGE_URL ) VALUES (9701, 97, 'MENU_NOTIFICATION', 'bell', '/notification/myListInput.do' );
--insert into TS_PERMISSION (ID, MENU_ID, PERMISSION_CODE, PERMISSION_NAME,IS_MENU_PERMISSION) VALUES (970101, 9701, 'MyNotificationListView', '通知列表查看', 1);
--
--INSERT INTO TS_LANGUAGE(CODE,ZH_CN,EN_US,OPT_COUNTER) VALUES ('MENU_NOTIFICATION_MANAGEMENT','通知管理','Notification Management',0);
--INSERT INTO TS_MENU (ID, PARENT_ID, MENU_NAME, ICON_CLS, PAGE_URL ) VALUES (9702, 97, 'MENU_NOTIFICATION_MANAGEMENT', 'comment', '/notification/managementListInput.do' );
--insert into TS_PERMISSION (ID, MENU_ID, PERMISSION_CODE, PERMISSION_NAME,IS_MENU_PERMISSION) VALUES (970201, 9702, 'NotificationManagementListView', '通知列表查看', 1);
--insert into TS_PERMISSION (ID, MENU_ID, PERMISSION_CODE, PERMISSION_NAME,IS_MENU_PERMISSION) VALUES (970202, 9702, 'NotificationManagementListEdit', '通知列表编辑', 0);
--
--开发视图
--INSERT INTO TS_LANGUAGE(CODE,ZH_CN,EN_US,OPT_COUNTER) VALUES ('MENU_DEV_CENTER','开发中心','Develop Center',0);
--insert into TS_MENU (ID, PARENT_ID, MENU_NAME, ICON_CLS) VALUES (00, null, 'MENU_DEV_CENTER', 'gear');
--
--INSERT INTO TS_LANGUAGE(CODE,ZH_CN,EN_US,OPT_COUNTER) VALUES ('MENU_GENERATE_CODE','代码生成','Generate Code',0);
--INSERT INTO TS_MENU (ID, PARENT_ID, MENU_NAME, ICON_CLS, PAGE_URL ) VALUES (0001, 00, 'MENU_GENERATE_CODE', 'code', '/codeGen/mainInput.do' );
--insert into TS_PERMISSION (ID, MENU_ID, PERMISSION_CODE, PERMISSION_NAME,IS_MENU_PERMISSION) VALUES (000101, 0001, 'GenerateCodeMainView', '代码生成查看', 1);

--流程平台
INSERT INTO TS_LANGUAGE(CODE,ZH_CN,EN_US,OPT_COUNTER) VALUES ('MENU_PROCESS_MANAGER','流程管理','Process Manager',0);
insert into TS_MENU (ID, PARENT_ID, MENU_NAME, ICON_CLS) VALUES (96, null, 'MENU_PROCESS_MANAGER', 'bar-chart');

INSERT INTO TS_LANGUAGE(CODE,ZH_CN,EN_US,OPT_COUNTER) VALUES ('MENU_PROCESS_MODEL','模型定义管理','Model Design',0);
insert into TS_MENU (ID, PARENT_ID, MENU_NAME, ICON_CLS, PAGE_URL ) VALUES (9601, 96, 'MENU_PROCESS_MODEL', 'lemon', '/bpm/model/manage/listInput.do' );
insert into TS_PERMISSION (ID, MENU_ID, PERMISSION_CODE, PERMISSION_NAME,IS_MENU_PERMISSION) VALUES (960101, 9601, 'ModelDesignView', '模型定义查看',1);
insert into TS_PERMISSION (ID, MENU_ID, PERMISSION_CODE, PERMISSION_NAME,IS_MENU_PERMISSION) VALUES (960102, 9601, 'ModelAdd', '模型新增',0);
insert into TS_PERMISSION (ID, MENU_ID, PERMISSION_CODE, PERMISSION_NAME,IS_MENU_PERMISSION) VALUES (960103, 9601, 'ModelUpdate', '模型编辑',0);
insert into TS_PERMISSION (ID, MENU_ID, PERMISSION_CODE, PERMISSION_NAME,IS_MENU_PERMISSION) VALUES (960104, 9601, 'ModelDeploy', '部署',0);
insert into TS_PERMISSION (ID, MENU_ID, PERMISSION_CODE, PERMISSION_NAME,IS_MENU_PERMISSION) VALUES (960105, 9601, 'ModelDelete', '模型删除',0);
insert into TS_PERMISSION (ID, MENU_ID, PERMISSION_CODE, PERMISSION_NAME,IS_MENU_PERMISSION) VALUES (960106, 9601, 'ModelExport', '模型导出',0);

INSERT INTO TS_LANGUAGE(CODE,ZH_CN,EN_US,OPT_COUNTER) VALUES ('MENU_PROCESS_LIST','流程定义管理','Process List',0);
insert into TS_MENU (ID, PARENT_ID, MENU_NAME, ICON_CLS, PAGE_URL ) VALUES (9602, 96, 'MENU_PROCESS_LIST', 'search', '/bpm/definition/manage/listInput.do' );
insert into TS_PERMISSION (ID, MENU_ID, PERMISSION_CODE, PERMISSION_NAME,IS_MENU_PERMISSION) VALUES (960201, 9602, 'ProcessListView', '流程列表查看',1);
insert into TS_PERMISSION (ID, MENU_ID, PERMISSION_CODE, PERMISSION_NAME,IS_MENU_PERMISSION) VALUES (960202, 9602, 'ProcessHangup', '挂起',0);
insert into TS_PERMISSION (ID, MENU_ID, PERMISSION_CODE, PERMISSION_NAME,IS_MENU_PERMISSION) VALUES (960203, 9602, 'ProcessActive', '激活',0);
insert into TS_PERMISSION (ID, MENU_ID, PERMISSION_CODE, PERMISSION_NAME,IS_MENU_PERMISSION) VALUES (960204, 9602, 'ProcessDelete', '删除',0);
insert into TS_PERMISSION (ID, MENU_ID, PERMISSION_CODE, PERMISSION_NAME,IS_MENU_PERMISSION) VALUES (960205, 9602, 'ProcessConvert', '转换为MODEL',0);
insert into TS_PERMISSION (ID, MENU_ID, PERMISSION_CODE, PERMISSION_NAME,IS_MENU_PERMISSION) VALUES (960206, 9602, 'ProcessConfig', '流程配置',0);
insert into TS_PERMISSION (ID, MENU_ID, PERMISSION_CODE, PERMISSION_NAME,IS_MENU_PERMISSION) VALUES (960208, 9602, 'ProcessDeploy', '流程部署',0);

INSERT INTO TS_LANGUAGE(CODE,ZH_CN,EN_US,OPT_COUNTER) VALUES ('MENU_PROCESS_RUNNING','运行流程管理','Process Running',0);
insert into TS_MENU (ID, PARENT_ID, MENU_NAME, ICON_CLS, PAGE_URL ) VALUES (9603, 96, 'MENU_PROCESS_RUNNING', 'building', '/bpm/instance/manage/listInput.do' );
insert into TS_PERMISSION (ID, MENU_ID, PERMISSION_CODE, PERMISSION_NAME,IS_MENU_PERMISSION) VALUES (960301, 9603, 'ProcessRunningView', '流程运行中查看',1);
insert into TS_PERMISSION (ID, MENU_ID, PERMISSION_CODE, PERMISSION_NAME,IS_MENU_PERMISSION) VALUES (960302, 9603, 'ProcessRunningHangup', '挂起',0);
insert into TS_PERMISSION (ID, MENU_ID, PERMISSION_CODE, PERMISSION_NAME,IS_MENU_PERMISSION) VALUES (960303, 9603, 'ProcessRunningActive', '激活',0);
insert into TS_PERMISSION (ID, MENU_ID, PERMISSION_CODE, PERMISSION_NAME,IS_MENU_PERMISSION) VALUES (960304, 9603, 'ProcessRunningDelete', '删除',0);
insert into TS_PERMISSION (ID, MENU_ID, PERMISSION_CODE, PERMISSION_NAME,IS_MENU_PERMISSION) VALUES (960305, 9603, 'ProcessRunningPicture', '历史图表',0);

INSERT INTO TS_LANGUAGE(CODE,ZH_CN,EN_US,OPT_COUNTER) VALUES ('MENU_PUNNING_TASK','运行任务管理','Runnig Task',0);
insert into TS_MENU (ID, PARENT_ID, MENU_NAME, ICON_CLS, PAGE_URL ) VALUES (9604, 96, 'MENU_PUNNING_TASK', 'folder-close-alt', '/bpm/task/todo/manage/listInput.do');
insert into TS_PERMISSION (ID, MENU_ID, PERMISSION_CODE, PERMISSION_NAME,IS_MENU_PERMISSION) VALUES (960401, 9604, 'RunningTaskView', '运行任务查看',1);
insert into TS_PERMISSION (ID, MENU_ID, PERMISSION_CODE, PERMISSION_NAME,IS_MENU_PERMISSION) VALUES (960402, 9604, 'RunningTaskDelegate', '转办',0);
insert into TS_PERMISSION (ID, MENU_ID, PERMISSION_CODE, PERMISSION_NAME,IS_MENU_PERMISSION) VALUES (960403, 9604, 'RunningTaskPicture', '历史图表',0);
insert into TS_PERMISSION (ID, MENU_ID, PERMISSION_CODE, PERMISSION_NAME,IS_MENU_PERMISSION) VALUES (960404, 9604, 'RunningTaskJump', '自由跳转',0);

INSERT INTO TS_LANGUAGE(CODE,ZH_CN,EN_US,OPT_COUNTER) VALUES ('MENU_PROCESS_ENDED','历史流程管理','Process Ended',0);
insert into TS_MENU (ID, PARENT_ID, MENU_NAME, ICON_CLS, PAGE_URL ) VALUES (9605, 96, 'MENU_PROCESS_ENDED', 'camera', '/bpm/hisinstance/manage/listInput.do' );
insert into TS_PERMISSION (ID, MENU_ID, PERMISSION_CODE, PERMISSION_NAME,IS_MENU_PERMISSION) VALUES (960501, 9605, 'ProcessEndView', '流程完结的查看',1);
insert into TS_PERMISSION (ID, MENU_ID, PERMISSION_CODE, PERMISSION_NAME,IS_MENU_PERMISSION) VALUES (960502, 9605, 'ProcessEndPicture', '历史图表',0);

INSERT INTO TS_LANGUAGE(CODE,ZH_CN,EN_US,OPT_COUNTER) VALUES ('MENU_PROCESS_DELEGATE_MANAGEMENT','委托管理','Delegate Management',0);
insert into TS_MENU (ID, PARENT_ID, MENU_NAME, ICON_CLS, PAGE_URL ) VALUES (9606, 96, 'MENU_PROCESS_DELEGATE_MANAGEMENT', 'credit-card', '/bpm/manage/delegateconfig/listInput.do' );
insert into TS_PERMISSION (ID, MENU_ID, PERMISSION_CODE, PERMISSION_NAME,IS_MENU_PERMISSION) VALUES (960601, 9606, 'DelegateManamentView', '流程代理查看',1);
insert into TS_PERMISSION (ID, MENU_ID, PERMISSION_CODE, PERMISSION_NAME,IS_MENU_PERMISSION) VALUES (960602, 9606, 'DelegateManamentAdd', '新增',0);
insert into TS_PERMISSION (ID, MENU_ID, PERMISSION_CODE, PERMISSION_NAME,IS_MENU_PERMISSION) VALUES (960603, 9606, 'DelegateManamentUpdate', '编辑',0);
insert into TS_PERMISSION (ID, MENU_ID, PERMISSION_CODE, PERMISSION_NAME,IS_MENU_PERMISSION) VALUES (960604, 9606, 'DelegateManamentDelete', '删除',0);

--INSERT INTO TS_LANGUAGE(CODE,ZH_CN,EN_US,OPT_COUNTER) VALUES ('MENU_TASK_REMIND','任务处理提醒管理','Task Remind',0);
--insert into TS_MENU (ID, PARENT_ID, MENU_NAME, ICON_CLS, PAGE_URL ) VALUES (9607, 96, 'MENU_TASK_REMIND', 'time', '/bpm/manage/remind/listInput.do');
--insert into TS_PERMISSION (ID, MENU_ID, PERMISSION_CODE, PERMISSION_NAME,IS_MENU_PERMISSION) VALUES (960701, 9607, 'TaskRemindView', '任务处理提醒查看',1);
--insert into TS_PERMISSION (ID, MENU_ID, PERMISSION_CODE, PERMISSION_NAME,IS_MENU_PERMISSION) VALUES (960702, 9607, 'TaskRemindEdit', '任务处理提醒编辑',0);
--insert into TS_PERMISSION (ID, MENU_ID, PERMISSION_CODE, PERMISSION_NAME,IS_MENU_PERMISSION) VALUES (960703, 9607, 'TaskRemindRelease', '任务处理提醒发布',0);

INSERT INTO TS_LANGUAGE(CODE,ZH_CN,EN_US,OPT_COUNTER) VALUES ('MENU_PROCESS_MYPROCESS','我的流程','MyProcess',0);
insert into TS_MENU (ID, PARENT_ID, MENU_NAME, ICON_CLS) VALUES (95, null, 'MENU_PROCESS_MYPROCESS', 'folder-close');

INSERT INTO TS_LANGUAGE(CODE,ZH_CN,EN_US,OPT_COUNTER) VALUES ('MENU_LAUNCH_NEWPROCESS','发起新的流程','Launch NewProcess',0);
insert into TS_MENU (ID, PARENT_ID, MENU_NAME, ICON_CLS, PAGE_URL ) VALUES (9501, 95, 'MENU_LAUNCH_NEWPROCESS', 'star', '/bpm/definition/personal/listInput.do' );
insert into TS_PERMISSION (ID, MENU_ID, PERMISSION_CODE, PERMISSION_NAME,IS_MENU_PERMISSION) VALUES (950101, 9501, 'LaunchNewProcessView', '发起新流程查看',1);
insert into TS_PERMISSION (ID, MENU_ID, PERMISSION_CODE, PERMISSION_NAME,IS_MENU_PERMISSION) VALUES (950102, 9501, 'LaunchNewProcessStart', '启动',0);

INSERT INTO TS_LANGUAGE(CODE,ZH_CN,EN_US,OPT_COUNTER) VALUES ('MENU_RUNNING_PROCESS','运行的流程','Running Process',0);
insert into TS_MENU (ID, PARENT_ID, MENU_NAME, ICON_CLS, PAGE_URL ) VALUES (9502, 95, 'MENU_RUNNING_PROCESS', 'bullseye', '/bpm/instance/personal/running/listInput.do' );
insert into TS_PERMISSION (ID, MENU_ID, PERMISSION_CODE, PERMISSION_NAME,IS_MENU_PERMISSION) VALUES (950201, 9502, 'RunningProcessView', '运行中流程查看',1);
insert into TS_PERMISSION (ID, MENU_ID, PERMISSION_CODE, PERMISSION_NAME,IS_MENU_PERMISSION) VALUES (950202, 9502, 'RunningProcessStop', '终止',0);
insert into TS_PERMISSION (ID, MENU_ID, PERMISSION_CODE, PERMISSION_NAME,IS_MENU_PERMISSION) VALUES (950203, 9502, 'RunningProcessPicture', '历史图表',0);

INSERT INTO TS_LANGUAGE(CODE,ZH_CN,EN_US,OPT_COUNTER) VALUES ('MENU_END_PROCESS','完结的流程','End Process',0);
insert into TS_MENU (ID, PARENT_ID, MENU_NAME, ICON_CLS, PAGE_URL ) VALUES (9503, 95, 'MENU_END_PROCESS', 'ticket', '/bpm/hisinstance/personal/listInput.do' );
insert into TS_PERMISSION (ID, MENU_ID, PERMISSION_CODE, PERMISSION_NAME,IS_MENU_PERMISSION) VALUES (950301, 9503, 'EndProcessView', '完结流程查看',1);
insert into TS_PERMISSION (ID, MENU_ID, PERMISSION_CODE, PERMISSION_NAME,IS_MENU_PERMISSION) VALUES (950302, 9503, 'EndProcessPicture', '历史图表',0);

INSERT INTO TS_LANGUAGE(CODE,ZH_CN,EN_US,OPT_COUNTER) VALUES ('MENU_PARTAKE_PROCESS','参与的流程','Partake Process',0);
insert into TS_MENU (ID, PARENT_ID, MENU_NAME, ICON_CLS, PAGE_URL ) VALUES (9504, 95, 'MENU_PARTAKE_PROCESS', 'leaf', '/bpm/instance/personal/involved/listInput.do' );
insert into TS_PERMISSION (ID, MENU_ID, PERMISSION_CODE, PERMISSION_NAME,IS_MENU_PERMISSION) VALUES (950401, 9504, 'PartakeProcessView', '参与的流程查看',1);
insert into TS_PERMISSION (ID, MENU_ID, PERMISSION_CODE, PERMISSION_NAME,IS_MENU_PERMISSION) VALUES (950402, 9504, 'PartakeProcessPicture', '历史图表',0);

INSERT INTO TS_LANGUAGE(CODE,ZH_CN,EN_US,OPT_COUNTER) VALUES ('MENU_PROCESS_DELEGATE_CONFIG','委托设置','Delegate Config',0);
insert into TS_MENU (ID, PARENT_ID, MENU_NAME, ICON_CLS, PAGE_URL ) VALUES (9505, 95, 'MENU_PROCESS_DELEGATE_CONFIG', 'file-text-alt', '/bpm/myoffice/delegateconfig/listInput.do');
insert into TS_PERMISSION (ID, MENU_ID, PERMISSION_CODE, PERMISSION_NAME,IS_MENU_PERMISSION) VALUES (950501, 9505, 'DelegateConfigView', '委托设置查看',1);
insert into TS_PERMISSION (ID, MENU_ID, PERMISSION_CODE, PERMISSION_NAME,IS_MENU_PERMISSION) VALUES (950502, 9505, 'DelegateConfigAdd', '新增',0);
insert into TS_PERMISSION (ID, MENU_ID, PERMISSION_CODE, PERMISSION_NAME,IS_MENU_PERMISSION) VALUES (950503, 9505, 'DelegateConfigUpdate', '编辑',0);
insert into TS_PERMISSION (ID, MENU_ID, PERMISSION_CODE, PERMISSION_NAME,IS_MENU_PERMISSION) VALUES (950504, 9505, 'DelegateConfigDelete', '删除',0);

INSERT INTO TS_LANGUAGE(CODE,ZH_CN,EN_US,OPT_COUNTER) VALUES ('MENU_PROCESS_MYTASK','我的任务','MyTask',0);
insert into TS_MENU (ID, PARENT_ID, MENU_NAME, ICON_CLS) VALUES (94, null, 'MENU_PROCESS_MYTASK', 'folder-open');

INSERT INTO TS_LANGUAGE(CODE,ZH_CN,EN_US,OPT_COUNTER) VALUES ('MENU_TODO_TASK','待办任务','Todo Task',0);
insert into TS_MENU (ID, PARENT_ID, MENU_NAME, ICON_CLS, PAGE_URL ) VALUES (9401, 94, 'MENU_TODO_TASK', 'folder-open-alt', '/bpm/task/todo/listInput.do' );
insert into TS_PERMISSION (ID, MENU_ID, PERMISSION_CODE, PERMISSION_NAME,IS_MENU_PERMISSION) VALUES (940101, 9401, 'TodoTaskView', '待办任务查看',1);
insert into TS_PERMISSION (ID, MENU_ID, PERMISSION_CODE, PERMISSION_NAME,IS_MENU_PERMISSION) VALUES (940102, 9401, 'TodoTaskDo', '办理',0);

INSERT INTO TS_LANGUAGE(CODE,ZH_CN,EN_US,OPT_COUNTER) VALUES ('MENU_DONE_TASK','已办任务','Done Task',0);
insert into TS_MENU (ID, PARENT_ID, MENU_NAME, ICON_CLS, PAGE_URL ) VALUES (9402, 94, 'MENU_DONE_TASK', 'wrench', '/bpm/task/completed/listInput.do' );
insert into TS_PERMISSION (ID, MENU_ID, PERMISSION_CODE, PERMISSION_NAME,IS_MENU_PERMISSION) VALUES (940201, 9402, 'DoneTaskView', '已办任务查看',1);
insert into TS_PERMISSION (ID, MENU_ID, PERMISSION_CODE, PERMISSION_NAME,IS_MENU_PERMISSION) VALUES (940202, 9402, 'DoneTaskPicture', '历史图表',0);
insert into TS_PERMISSION (ID, MENU_ID, PERMISSION_CODE, PERMISSION_NAME,IS_MENU_PERMISSION) VALUES (940203, 9402, 'DoneTaskRecall', '召回',0);

--INSERT INTO TS_LANGUAGE(CODE,ZH_CN,EN_US,OPT_COUNTER) VALUES ('MENU_PROXY_TASK','代理中的任务','Proxy Task',0);
--insert into TS_MENU (ID, PARENT_ID, MENU_NAME, ICON_CLS, PAGE_URL ) VALUES (9403, 94, 'MENU_PROXY_TASK', 'money', '/bpm/task/delegating/listInput.do');
--insert into TS_PERMISSION (ID, MENU_ID, PERMISSION_CODE, PERMISSION_NAME,IS_MENU_PERMISSION) VALUES (940301, 9403, 'ProxyTaskView', '代理中任务查看',1);
--insert into TS_PERMISSION (ID, MENU_ID, PERMISSION_CODE, PERMISSION_NAME,IS_MENU_PERMISSION) VALUES (940302, 9403, 'ProxyTaskEdit', '代理中任务操作',0);

INSERT INTO TS_ROLE (ID, ROLE_CODE, ROLE_NAME, ROLE_DESC,  OPT_COUNTER, MARK_FOR_DELETE) VALUES (1, 'admin', '系统管理员', '系统管理员', '1','0');
INSERT INTO TS_USER (ID, ACCOUNT, PASSWORD, STATUS, MARK_FOR_DELETE,USER_NAME,EMAIL,GENDER,PHONE) VALUES (1,  'admin', 'c3ce8345d3599ab8a4c337d9fb0d0d93', 'NORMAL',0,'张琦','qizhang@163.com','M','15890987231');
INSERT INTO TR_ROLE_PERMISSION (ROLE_ID, PERMISSION_ID) SELECT 1, ID FROM TS_PERMISSION;
INSERT INTO TR_ROLE_USER (USER_ID, ROLE_ID) VALUES (1, 1);

INSERT INTO TS_LANGUAGE(CODE,ZH_CN,EN_US,OPT_COUNTER) VALUES ('MENU_MANAGEMENT','菜单管理','Menu Management',0);
INSERT INTO TS_MENU (ID, PARENT_ID, MENU_NAME, ICON_CLS, PAGE_URL ) VALUES (9911, 99, 'MENU_MANAGEMENT', 'foursquare', '/menu/listInput.do' );
INSERT INTO TS_PERMISSION (ID, MENU_ID, PERMISSION_CODE, PERMISSION_NAME,IS_MENU_PERMISSION) VALUES (991101, 9911, 'MenuManagementView', '菜单管理查看',1);
INSERT INTO TS_PERMISSION (ID, MENU_ID, PERMISSION_CODE, PERMISSION_NAME,IS_MENU_PERMISSION) VALUES (991102, 9911, 'MenuManagementEdit', '菜单管理编辑',0);

--主数据管理
INSERT INTO TS_LANGUAGE(CODE,ZH_CN,EN_US,OPT_COUNTER) VALUES ('MENU_MASTER_MANAGEMENT','主数据管理','Master Management',0);
INSERT INTO TS_MENU (ID, PARENT_ID, MENU_NAME, ICON_CLS) VALUES (97, null, 'MENU_MASTER_MANAGEMENT', 'list');

--主数据管理-工厂管理
INSERT INTO TS_LANGUAGE(CODE,ZH_CN,EN_US,OPT_COUNTER) VALUES('MENU_PLANT_MANAGEMENT','工厂管理','Plant Management',0);
INSERT INTO TS_MENU(ID,PARENT_ID,MENU_NAME,ICON_CLS,PAGE_URL) VALUES(9701,97,'MENU_PLANT_MANAGEMENT','trello','/plant/listInput.do');
INSERT INTO TS_PERMISSION(ID,MENU_ID,PERMISSION_CODE,PERMISSION_NAME,IS_MENU_PERMISSION) VALUES(970101,9701,'PlantView','工厂查看',1);
INSERT INTO TS_PERMISSION(ID,MENU_ID,PERMISSION_CODE,PERMISSION_NAME,IS_MENU_PERMISSION) VALUES(970102,9701,'PlantAdd','工厂新增',0);
INSERT INTO TS_PERMISSION(ID,MENU_ID,PERMISSION_CODE,PERMISSION_NAME,IS_MENU_PERMISSION) VALUES(970103,9701,'PlantDelete','工厂删除',0);
INSERT INTO TS_PERMISSION(ID,MENU_ID,PERMISSION_CODE,PERMISSION_NAME,IS_MENU_PERMISSION) VALUES(970104,9701,'PlantUpdate','工厂修改',0);
INSERT INTO TS_PERMISSION(ID,MENU_ID,PERMISSION_CODE,PERMISSION_NAME,IS_MENU_PERMISSION) VALUES(970105,9701,'PlantImport','工厂导入',0);
INSERT INTO TS_PERMISSION(ID,MENU_ID,PERMISSION_CODE,PERMISSION_NAME,IS_MENU_PERMISSION) VALUES(970106,9701,'PlantExport','工厂导出',0);
INSERT INTO TS_PERMISSION(ID,MENU_ID,PERMISSION_CODE,PERMISSION_NAME,IS_MENU_PERMISSION) VALUES(970107,9701,'PlantExportTemplate','工厂模板导出',0);
INSERT INTO TS_PERMISSION(ID,MENU_ID,PERMISSION_CODE,PERMISSION_NAME,IS_MENU_PERMISSION) VALUES(970108,9701,'PlantImportAll','工厂车间导入',0);
INSERT INTO TS_PERMISSION(ID,MENU_ID,PERMISSION_CODE,PERMISSION_NAME,IS_MENU_PERMISSION) VALUES(970109,9701,'PlantExportAll','工厂车间导出',0);

--主数据管理-车间管理
INSERT INTO TS_LANGUAGE(CODE,ZH_CN,EN_US,OPT_COUNTER) VALUES('MENU_WORKSHOP_MANAGEMENT','车间管理','Workshop Management',0);
INSERT INTO TS_MENU(ID,PARENT_ID,MENU_NAME,ICON_CLS,PAGE_URL) VALUES(9702,97,'MENU_WORKSHOP_MANAGEMENT','eraser','/workshop/listInput.do');
INSERT INTO TS_PERMISSION(ID,MENU_ID,PERMISSION_CODE,PERMISSION_NAME,IS_MENU_PERMISSION) VALUES(970201,9702,'WorkShopView','车间查看',1);
INSERT INTO TS_PERMISSION(ID,MENU_ID,PERMISSION_CODE,PERMISSION_NAME,IS_MENU_PERMISSION) VALUES(970202,9702,'WorkShopAdd','车间新增',0);
INSERT INTO TS_PERMISSION(ID,MENU_ID,PERMISSION_CODE,PERMISSION_NAME,IS_MENU_PERMISSION) VALUES(970203,9702,'WorkShopDelete','车间删除',0);
INSERT INTO TS_PERMISSION(ID,MENU_ID,PERMISSION_CODE,PERMISSION_NAME,IS_MENU_PERMISSION) VALUES(970204,9702,'WorkShopUpdate','车间修改',0);
INSERT INTO TS_PERMISSION(ID,MENU_ID,PERMISSION_CODE,PERMISSION_NAME,IS_MENU_PERMISSION) VALUES(970205,9702,'WorkShopImport','车间导入',0);
INSERT INTO TS_PERMISSION(ID,MENU_ID,PERMISSION_CODE,PERMISSION_NAME,IS_MENU_PERMISSION) VALUES(970206,9702,'WorkShopExport','车间导出',0);
INSERT INTO TS_PERMISSION(ID,MENU_ID,PERMISSION_CODE,PERMISSION_NAME,IS_MENU_PERMISSION) VALUES(970207,9702,'WorkShopExportTemplate','车间模板导出',0);


--主数据管理-产线管理
INSERT INTO TS_LANGUAGE(CODE,ZH_CN,EN_US,OPT_COUNTER) VALUES('MENU_LINE_MANAGEMENT','产线管理','Line Management',0);
INSERT INTO TS_MENU(ID,PARENT_ID,MENU_NAME,ICON_CLS,PAGE_URL) VALUES(9703,97,'MENU_LINE_MANAGEMENT','puzzle-piece','/line/listInput.do');
INSERT INTO TS_PERMISSION(ID,MENU_ID,PERMISSION_CODE,PERMISSION_NAME,IS_MENU_PERMISSION) VALUES(970301,9703,'LineView','产线查看',1);
INSERT INTO TS_PERMISSION(ID,MENU_ID,PERMISSION_CODE,PERMISSION_NAME,IS_MENU_PERMISSION) VALUES(970302,9703,'LineAdd','产线新增',0);
INSERT INTO TS_PERMISSION(ID,MENU_ID,PERMISSION_CODE,PERMISSION_NAME,IS_MENU_PERMISSION) VALUES(970303,9703,'LineDelete','产线删除',0);
INSERT INTO TS_PERMISSION(ID,MENU_ID,PERMISSION_CODE,PERMISSION_NAME,IS_MENU_PERMISSION) VALUES(970304,9703,'LineUpdate','产线修改',0);
INSERT INTO TS_PERMISSION(ID,MENU_ID,PERMISSION_CODE,PERMISSION_NAME,IS_MENU_PERMISSION) VALUES(970305,9703,'LineImport','产线导入',0);
INSERT INTO TS_PERMISSION(ID,MENU_ID,PERMISSION_CODE,PERMISSION_NAME,IS_MENU_PERMISSION) VALUES(970306,9703,'LineExport','产线导出',0);
INSERT INTO TS_PERMISSION(ID,MENU_ID,PERMISSION_CODE,PERMISSION_NAME,IS_MENU_PERMISSION) VALUES(970307,9703,'LineExportTemplate','产线模板导出',0);


--主数据管理-工位管理
INSERT INTO TS_LANGUAGE(CODE,ZH_CN,EN_US,OPT_COUNTER) VALUES('MENU_ULOC_MENAGEMENT','工位管理','Uloc Management',0);
INSERT INTO TS_MENU(ID,PARENT_ID,MENU_NAME,ICON_CLS,PAGE_URL) VALUES(9704,97,'MENU_ULOC_MENAGEMENT','money','/uloc/listInput.do');
INSERT INTO TS_PERMISSION(ID,MENU_ID,PERMISSION_CODE,PERMISSION_NAME,IS_MENU_PERMISSION) VALUES(970401,9704,'UlocView','工位查看',1);
INSERT INTO TS_PERMISSION(ID,MENU_ID,PERMISSION_CODE,PERMISSION_NAME,IS_MENU_PERMISSION) VALUES(970402,9704,'UlocAdd','工位新增',0);
INSERT INTO TS_PERMISSION(ID,MENU_ID,PERMISSION_CODE,PERMISSION_NAME,IS_MENU_PERMISSION) VALUES(970403,9704,'UlocDelete','工位删除',0);
INSERT INTO TS_PERMISSION(ID,MENU_ID,PERMISSION_CODE,PERMISSION_NAME,IS_MENU_PERMISSION) VALUES(970404,9704,'UlocUpdate','工位修改',0);
INSERT INTO TS_PERMISSION(ID,MENU_ID,PERMISSION_CODE,PERMISSION_NAME,IS_MENU_PERMISSION) VALUES(970405,9704,'UlocImport','工位导入',0);
INSERT INTO TS_PERMISSION(ID,MENU_ID,PERMISSION_CODE,PERMISSION_NAME,IS_MENU_PERMISSION) VALUES(970406,9704,'UlocExport','工位导出',0);
INSERT INTO TS_PERMISSION(ID,MENU_ID,PERMISSION_CODE,PERMISSION_NAME,IS_MENU_PERMISSION) VALUES(970407,9704,'UlocExportTemplate','工位模版导出',0);

--工位检查项
INSERT INTO TS_PERMISSION(ID,MENU_ID,PERMISSION_CODE,PERMISSION_NAME,IS_MENU_PERMISSION) VALUES(970408,9704,'UlocSipAdd','参数新增',0);
INSERT INTO TS_PERMISSION(ID,MENU_ID,PERMISSION_CODE,PERMISSION_NAME,IS_MENU_PERMISSION) VALUES(970409,9704,'UlocSipDelete','参数删除',0);
INSERT INTO TS_PERMISSION(ID,MENU_ID,PERMISSION_CODE,PERMISSION_NAME,IS_MENU_PERMISSION) VALUES(970410,9704,'UlocSipUpdate','参数修改',0);
INSERT INTO TS_PERMISSION(ID,MENU_ID,PERMISSION_CODE,PERMISSION_NAME,IS_MENU_PERMISSION) VALUES(970411,9704,'UlocSipImport','参数导入',0);
INSERT INTO TS_PERMISSION(ID,MENU_ID,PERMISSION_CODE,PERMISSION_NAME,IS_MENU_PERMISSION) VALUES(970412,9704,'UlocSipExport','参数导出',0);
--工位与质检项
INSERT INTO TS_PERMISSION(ID,MENU_ID,PERMISSION_CODE,PERMISSION_NAME,IS_MENU_PERMISSION) VALUES(970413,9704,'UlocAndUlocSipExport','工位与质检点数据导出',0);
INSERT INTO TS_PERMISSION(ID,MENU_ID,PERMISSION_CODE,PERMISSION_NAME,IS_MENU_PERMISSION) VALUES(970414,9704,'UlocAndUlocSipImport','工位与质检点数据导入',0);
--工位  质检项  不合格
INSERT INTO TS_PERMISSION(ID,MENU_ID,PERMISSION_CODE,PERMISSION_NAME,IS_MENU_PERMISSION) VALUES(970415,9704,'UlocSipNcAdd','新增',0);
INSERT INTO TS_PERMISSION(ID,MENU_ID,PERMISSION_CODE,PERMISSION_NAME,IS_MENU_PERMISSION) VALUES(970416,9704,'UlocSipNcUpdate','修改',0);
INSERT INTO TS_PERMISSION(ID,MENU_ID,PERMISSION_CODE,PERMISSION_NAME,IS_MENU_PERMISSION) VALUES(970417,9704,'UlocSipNcExport','导出',0);
INSERT INTO TS_PERMISSION(ID,MENU_ID,PERMISSION_CODE,PERMISSION_NAME,IS_MENU_PERMISSION) VALUES(970418,9704,'UlocSipNcImport','导入',0);
INSERT INTO TS_PERMISSION(ID,MENU_ID,PERMISSION_CODE,PERMISSION_NAME,IS_MENU_PERMISSION) VALUES(970419,9704,'UlocSipAndNcExportAll','级联导出',0);
INSERT INTO TS_PERMISSION(ID,MENU_ID,PERMISSION_CODE,PERMISSION_NAME,IS_MENU_PERMISSION) VALUES(970420,9704,'UlocSipAndNcImportAll','级联导入',0);
INSERT INTO TS_PERMISSION(ID,MENU_ID,PERMISSION_CODE,PERMISSION_NAME,IS_MENU_PERMISSION) VALUES(970421,9704,'UlocSipNcDelete','删除',0);
INSERT INTO TS_PERMISSION(ID,MENU_ID,PERMISSION_CODE,PERMISSION_NAME,IS_MENU_PERMISSION) VALUES(970422,9704,'UlocSipNcExportTemplate','导出模板',0);
-- 主数据管理-物料管理
INSERT INTO TS_LANGUAGE(CODE,ZH_CN,EN_US,OPT_COUNTER) VALUES('MENU_PART_MENAGEMENT','物料管理','Part Management',0);
INSERT INTO TS_MENU(ID,PARENT_ID,MENU_NAME,ICON_CLS,PAGE_URL) VALUES(9705,97,'MENU_PART_MENAGEMENT','money','/part/listInput.do');
INSERT INTO TS_PERMISSION(ID,MENU_ID,PERMISSION_CODE,PERMISSION_NAME,IS_MENU_PERMISSION) VALUES(970501,9705,'PartView','物料查看',1);
INSERT INTO TS_PERMISSION(ID,MENU_ID,PERMISSION_CODE,PERMISSION_NAME,IS_MENU_PERMISSION) VALUES(970502,9705,'PartAdd','物料新增',0);
INSERT INTO TS_PERMISSION(ID,MENU_ID,PERMISSION_CODE,PERMISSION_NAME,IS_MENU_PERMISSION) VALUES(970503,9705,'PartDelete','物料删除',0);
INSERT INTO TS_PERMISSION(ID,MENU_ID,PERMISSION_CODE,PERMISSION_NAME,IS_MENU_PERMISSION) VALUES(970504,9705,'PartUpdate','物料修改',0);
INSERT INTO TS_PERMISSION(ID,MENU_ID,PERMISSION_CODE,PERMISSION_NAME,IS_MENU_PERMISSION) VALUES(970505,9705,'PartImport','物料导入',0);
INSERT INTO TS_PERMISSION(ID,MENU_ID,PERMISSION_CODE,PERMISSION_NAME,IS_MENU_PERMISSION) VALUES(970506,9705,'PartExport','物料导出',0);

-- 主数据管理-不合格管理
INSERT INTO TS_LANGUAGE(CODE,ZH_CN,EN_US,OPT_COUNTER) VALUES('MENU_NC_MENAGEMENT','不合格管理','Nc Management',0);
INSERT INTO TS_MENU(ID,PARENT_ID,MENU_NAME,ICON_CLS,PAGE_URL) VALUES(9706,97,'MENU_NC_MENAGEMENT','money','/ncGroup/listInput.do');
INSERT INTO TS_PERMISSION(ID,MENU_ID,PERMISSION_CODE,PERMISSION_NAME,IS_MENU_PERMISSION) VALUES(970601,9706,'NcGroupView','不合格组查看',1);
INSERT INTO TS_PERMISSION(ID,MENU_ID,PERMISSION_CODE,PERMISSION_NAME,IS_MENU_PERMISSION) VALUES(970602,9706,'NcGroupAdd','不合格组新增',0);
INSERT INTO TS_PERMISSION(ID,MENU_ID,PERMISSION_CODE,PERMISSION_NAME,IS_MENU_PERMISSION) VALUES(970603,9706,'NcGroupDelete','不合格组删除',0);
INSERT INTO TS_PERMISSION(ID,MENU_ID,PERMISSION_CODE,PERMISSION_NAME,IS_MENU_PERMISSION) VALUES(970604,9706,'NcGroupUpdate','不合格组修改',0);
INSERT INTO TS_PERMISSION(ID,MENU_ID,PERMISSION_CODE,PERMISSION_NAME,IS_MENU_PERMISSION) VALUES(970605,9706,'NcGroupImport','不合格组导入',0);
INSERT INTO TS_PERMISSION(ID,MENU_ID,PERMISSION_CODE,PERMISSION_NAME,IS_MENU_PERMISSION) VALUES(970606,9706,'NcGroupExport','不合格组导出',0);
INSERT INTO TS_PERMISSION(ID,MENU_ID,PERMISSION_CODE,PERMISSION_NAME,IS_MENU_PERMISSION) VALUES(970607,9706,'NcView','不合格代码查看',1);
INSERT INTO TS_PERMISSION(ID,MENU_ID,PERMISSION_CODE,PERMISSION_NAME,IS_MENU_PERMISSION) VALUES(970608,9706,'NcAdd','不合格代码新增',0);
INSERT INTO TS_PERMISSION(ID,MENU_ID,PERMISSION_CODE,PERMISSION_NAME,IS_MENU_PERMISSION) VALUES(970609,9706,'NcDelete','不合格代码删除',0);
INSERT INTO TS_PERMISSION(ID,MENU_ID,PERMISSION_CODE,PERMISSION_NAME,IS_MENU_PERMISSION) VALUES(970610,9706,'NcUpdate','不合格代码修改',0);
INSERT INTO TS_PERMISSION(ID,MENU_ID,PERMISSION_CODE,PERMISSION_NAME,IS_MENU_PERMISSION) VALUES(970611,9706,'NcImport','不合格代码导入',0);
INSERT INTO TS_PERMISSION(ID,MENU_ID,PERMISSION_CODE,PERMISSION_NAME,IS_MENU_PERMISSION) VALUES(970612,9706,'NcExport','不合格代码导出',0);
INSERT INTO TS_PERMISSION(ID,MENU_ID,PERMISSION_CODE,PERMISSION_NAME,IS_MENU_PERMISSION) VALUES(970613,9706,'NcGroupImportAll','不合格组代码导入',0);
INSERT INTO TS_PERMISSION(ID,MENU_ID,PERMISSION_CODE,PERMISSION_NAME,IS_MENU_PERMISSION) VALUES(970614,9706,'NcGroupExportAll','不合格租代码导出',0);


-- 主数据管理-报废代码管理
INSERT INTO TS_LANGUAGE(CODE,ZH_CN,EN_US,OPT_COUNTER) VALUES('MENU_SCRAP_MENAGEMENT','报废代码管理','Scrap Management',0);
INSERT INTO TS_MENU(ID,PARENT_ID,MENU_NAME,ICON_CLS,PAGE_URL) VALUES(9707,97,'MENU_SCRAP_MENAGEMENT','money','/scrap/listInput.do');
INSERT INTO TS_PERMISSION(ID,MENU_ID,PERMISSION_CODE,PERMISSION_NAME,IS_MENU_PERMISSION) VALUES(970701,9707,'ScrapView','报废代码查看',1);
INSERT INTO TS_PERMISSION(ID,MENU_ID,PERMISSION_CODE,PERMISSION_NAME,IS_MENU_PERMISSION) VALUES(970702,9707,'ScrapAdd','报废代码新增',0);
INSERT INTO TS_PERMISSION(ID,MENU_ID,PERMISSION_CODE,PERMISSION_NAME,IS_MENU_PERMISSION) VALUES(970703,9707,'ScrapDelete','报废代码删除',0);
INSERT INTO TS_PERMISSION(ID,MENU_ID,PERMISSION_CODE,PERMISSION_NAME,IS_MENU_PERMISSION) VALUES(970704,9707,'ScrapUpdate','报废代码修改',0);
INSERT INTO TS_PERMISSION(ID,MENU_ID,PERMISSION_CODE,PERMISSION_NAME,IS_MENU_PERMISSION) VALUES(970705,9707,'ScrapImport','报废代码导入',0);
INSERT INTO TS_PERMISSION(ID,MENU_ID,PERMISSION_CODE,PERMISSION_NAME,IS_MENU_PERMISSION) VALUES(970706,9707,'ScrapExport','报废代码导出',0);


-- 主数据管理-BOM管理
INSERT INTO TS_LANGUAGE(CODE,ZH_CN,EN_US,OPT_COUNTER) VALUES('MENU_BOM_MENAGEMENT','BOM管理','BOM Management',0);
INSERT INTO TS_MENU(ID,PARENT_ID,MENU_NAME,ICON_CLS,PAGE_URL) VALUES(9708,97,'MENU_BOM_MENAGEMENT','th-list ','/bom/listInput.do');
INSERT INTO TS_PERMISSION(ID,MENU_ID,PERMISSION_CODE,PERMISSION_NAME,IS_MENU_PERMISSION) VALUES(970801,9708,'BomView','BOM查看',1);
INSERT INTO TS_PERMISSION(ID,MENU_ID,PERMISSION_CODE,PERMISSION_NAME,IS_MENU_PERMISSION) VALUES(970802,9708,'BomAdd','BOM新增',0);
INSERT INTO TS_PERMISSION(ID,MENU_ID,PERMISSION_CODE,PERMISSION_NAME,IS_MENU_PERMISSION) VALUES(970803,9708,'BomDelete','BOM删除',0);
INSERT INTO TS_PERMISSION(ID,MENU_ID,PERMISSION_CODE,PERMISSION_NAME,IS_MENU_PERMISSION) VALUES(970804,9708,'BomUpdate','BOM修改',0);
INSERT INTO TS_PERMISSION(ID,MENU_ID,PERMISSION_CODE,PERMISSION_NAME,IS_MENU_PERMISSION) VALUES(970805,9708,'BomImport','BOM导入',0);
INSERT INTO TS_PERMISSION(ID,MENU_ID,PERMISSION_CODE,PERMISSION_NAME,IS_MENU_PERMISSION) VALUES(970806,9708,'BomExport','BOM导出',0);

/*工作日历模板菜单关联数据插入 */
INSERT INTO TS_LANGUAGE(CODE,ZH_CN,EN_US,OPT_COUNTER) VALUES('MENU_WORKSCHEDULE','工作日历模板','WorkSchedule Mode',0);
INSERT INTO TS_MENU(ID,PARENT_ID,MENU_NAME,ICON_CLS,PAGE_URL) VALUES(9709,97,'MENU_WORKSCHEDULE','book','/workschedule/listInput.do');
INSERT INTO TS_PERMISSION(ID,MENU_ID,PERMISSION_CODE,PERMISSION_NAME,IS_MENU_PERMISSION) VALUES(970901,9709,'WorkScheduleView','工作日历模板查看',1);
INSERT INTO TS_PERMISSION(ID,MENU_ID,PERMISSION_CODE,PERMISSION_NAME,IS_MENU_PERMISSION) VALUES(970902,9709,'WorkScheduleAdd','工作日历模板新增',0);
INSERT INTO TS_PERMISSION(ID,MENU_ID,PERMISSION_CODE,PERMISSION_NAME,IS_MENU_PERMISSION) VALUES(970903,9709,'WorkScheduleDelete','工作日历模板删除',0);
INSERT INTO TS_PERMISSION(ID,MENU_ID,PERMISSION_CODE,PERMISSION_NAME,IS_MENU_PERMISSION) VALUES(970904,9709,'WorkScheduleUpdate','工作日历模板修改',0);
INSERT INTO TS_PERMISSION(ID,MENU_ID,PERMISSION_CODE,PERMISSION_NAME,IS_MENU_PERMISSION) VALUES(970905,9709,'WorkScheduleImport','工作日历模板导入',0);
INSERT INTO TS_PERMISSION(ID,MENU_ID,PERMISSION_CODE,PERMISSION_NAME,IS_MENU_PERMISSION) VALUES(970906,9709,'WorkScheduleExport','工作日历模板导出',0);
INSERT INTO TS_PERMISSION(ID,MENU_ID,PERMISSION_CODE,PERMISSION_NAME,IS_MENU_PERMISSION) VALUES(970907,9709,'GenerateCurrentWeekTemplete','生成本周模板',0);
INSERT INTO TS_PERMISSION(ID,MENU_ID,PERMISSION_CODE,PERMISSION_NAME,IS_MENU_PERMISSION) VALUES(970908,9709,'GenerateNextWeekTemplete','生成下周模板',0);

/*工作日历休息模板 */
--INSERT INTO TS_LANGUAGE(CODE,ZH_CN,EN_US,OPT_COUNTER) VALUES('MENU_WORKSCHEDULE_REST','工作日历休息模板','Work Schedule Rest Mode',0);
--INSERT INTO TS_MENU(ID,PARENT_ID,MENU_NAME,ICON_CLS,PAGE_URL) VALUES(9710,97,'MENU_WORKSCHEDULE_REST','book','/workschedulerest/listInput.do');

INSERT INTO TS_PERMISSION(ID,MENU_ID,PERMISSION_CODE,PERMISSION_NAME,IS_MENU_PERMISSION) VALUES(970909,9709,'WorkScheduleRestView','工作日历休息模板查看',1);
INSERT INTO TS_PERMISSION(ID,MENU_ID,PERMISSION_CODE,PERMISSION_NAME,IS_MENU_PERMISSION) VALUES(970910,9709,'WorkScheduleRestAdd','工作日历休息模板新增',0);
INSERT INTO TS_PERMISSION(ID,MENU_ID,PERMISSION_CODE,PERMISSION_NAME,IS_MENU_PERMISSION) VALUES(970911,9709,'WorkScheduleRestDelete','工作日历休息模板删除',0);
INSERT INTO TS_PERMISSION(ID,MENU_ID,PERMISSION_CODE,PERMISSION_NAME,IS_MENU_PERMISSION) VALUES(970912,9709,'WorkScheduleRestUpdate','工作日历休息模板修改',0);
INSERT INTO TS_PERMISSION(ID,MENU_ID,PERMISSION_CODE,PERMISSION_NAME,IS_MENU_PERMISSION) VALUES(970913,9709,'WorkScheduleRestImport','工作日历休息模板导入',0);
INSERT INTO TS_PERMISSION(ID,MENU_ID,PERMISSION_CODE,PERMISSION_NAME,IS_MENU_PERMISSION) VALUES(970914,9709,'WorkScheduleRestExport','工作日历休息模板导出',0);
INSERT INTO TS_PERMISSION(ID,MENU_ID,PERMISSION_CODE,PERMISSION_NAME,IS_MENU_PERMISSION) VALUES(970915,9709,'WorkScheduleImportAll','工作日历模板及休息时间导入',0);
INSERT INTO TS_PERMISSION(ID,MENU_ID,PERMISSION_CODE,PERMISSION_NAME,IS_MENU_PERMISSION) VALUES(970916,9709,'WorkScheduleExportAll','工作日历模板及休息时间导出',0);

/*工作日历菜单关联数据插入 */
INSERT INTO TS_LANGUAGE(CODE,ZH_CN,EN_US,OPT_COUNTER) VALUES('MENU_WORK_TIME','工作日历','Work Time Mode',0);
INSERT INTO TS_MENU(ID,PARENT_ID,MENU_NAME,ICON_CLS,PAGE_URL) VALUES(9710,97,'MENU_WORK_TIME','bell','/worktime/listInput.do');
INSERT INTO TS_PERMISSION(ID,MENU_ID,PERMISSION_CODE,PERMISSION_NAME,IS_MENU_PERMISSION) VALUES(971001,9710,'WorkTimeView','工作日历查看',1);
INSERT INTO TS_PERMISSION(ID,MENU_ID,PERMISSION_CODE,PERMISSION_NAME,IS_MENU_PERMISSION) VALUES(971002,9710,'WorkTimeAdd','工作日历新增',0);
INSERT INTO TS_PERMISSION(ID,MENU_ID,PERMISSION_CODE,PERMISSION_NAME,IS_MENU_PERMISSION) VALUES(971003,9710,'WorkTimeDelete','工作日历删除',0);
INSERT INTO TS_PERMISSION(ID,MENU_ID,PERMISSION_CODE,PERMISSION_NAME,IS_MENU_PERMISSION) VALUES(971004,9710,'WorkTimeUpdate','工作日历修改',0);
INSERT INTO TS_PERMISSION(ID,MENU_ID,PERMISSION_CODE,PERMISSION_NAME,IS_MENU_PERMISSION) VALUES(971005,9710,'WorkTimeImport','工作日历导入',0);
INSERT INTO TS_PERMISSION(ID,MENU_ID,PERMISSION_CODE,PERMISSION_NAME,IS_MENU_PERMISSION) VALUES(971006,9710,'WorkTimeExport','工作日历导出',0);
INSERT INTO TS_PERMISSION(ID,MENU_ID,PERMISSION_CODE,PERMISSION_NAME,IS_MENU_PERMISSION) VALUES(9710013,9710,'WorkTimeExportAll','工作日历休息数据导出',0);
INSERT INTO TS_PERMISSION(ID,MENU_ID,PERMISSION_CODE,PERMISSION_NAME,IS_MENU_PERMISSION) VALUES(9710014,9710,'WorkTimeImportAll','工作日历休息导入',0);

/*工作日历-休息时间菜单关联数据插入 */
--INSERT INTO TS_LANGUAGE(CODE,ZH_CN,EN_US,OPT_COUNTER) VALUES('MENU_WORK_TIME_REST','工作日历休息时间','Work Time Rest Mode',0);
--INSERT INTO TS_MENU(ID,PARENT_ID,MENU_NAME,ICON_CLS,PAGE_URL) VALUES(9712,97,'MENU_WORK_TIME_REST','bell','/worktimerest/listInput.do');
INSERT INTO TS_PERMISSION(ID,MENU_ID,PERMISSION_CODE,PERMISSION_NAME,IS_MENU_PERMISSION) VALUES(971007,9710,'WorkTimeRestView','工作日历休息时间查看',1);
INSERT INTO TS_PERMISSION(ID,MENU_ID,PERMISSION_CODE,PERMISSION_NAME,IS_MENU_PERMISSION) VALUES(971008,9710,'WorkTimeRestAdd','工作日历休息时间新增',0);
INSERT INTO TS_PERMISSION(ID,MENU_ID,PERMISSION_CODE,PERMISSION_NAME,IS_MENU_PERMISSION) VALUES(971009,9710,'WorkTimeRestDelete','工作日历休息时间删除',0);
INSERT INTO TS_PERMISSION(ID,MENU_ID,PERMISSION_CODE,PERMISSION_NAME,IS_MENU_PERMISSION) VALUES(971010,9710,'WorkTimeRestUpdate','工作日历休息时间修改',0);
INSERT INTO TS_PERMISSION(ID,MENU_ID,PERMISSION_CODE,PERMISSION_NAME,IS_MENU_PERMISSION) VALUES(971011,9710,'WorkTimeRestImport','工作日历休息时间导入',0);
INSERT INTO TS_PERMISSION(ID,MENU_ID,PERMISSION_CODE,PERMISSION_NAME,IS_MENU_PERMISSION) VALUES(971012,9710,'WorkTimeRestExport','工作日历休息时间导出',0);

/*特殊日历菜单关联数据插入 */
INSERT INTO TS_LANGUAGE(CODE,ZH_CN,EN_US,OPT_COUNTER) VALUES('MENU_WORK_SPECIAL_DATE','特殊日历','Work Special Date Mode',0);
INSERT INTO TS_MENU(ID,PARENT_ID,MENU_NAME,ICON_CLS,PAGE_URL) VALUES(9711,97,'MENU_WORK_SPECIAL_DATE','bell','/workspecialdate/listInput.do');
INSERT INTO TS_PERMISSION(ID,MENU_ID,PERMISSION_CODE,PERMISSION_NAME,IS_MENU_PERMISSION) VALUES(971101,9711,'WorkSpecialDateView','特殊日历查看',1);
INSERT INTO TS_PERMISSION(ID,MENU_ID,PERMISSION_CODE,PERMISSION_NAME,IS_MENU_PERMISSION) VALUES(971102,9711,'WorkSpecialDateAdd','特殊日历新增',0);
INSERT INTO TS_PERMISSION(ID,MENU_ID,PERMISSION_CODE,PERMISSION_NAME,IS_MENU_PERMISSION) VALUES(971103,9711,'WorkSpecialDateDelete','特殊日历删除',0);
INSERT INTO TS_PERMISSION(ID,MENU_ID,PERMISSION_CODE,PERMISSION_NAME,IS_MENU_PERMISSION) VALUES(971104,9711,'WorkSpecialDateUpdate','特殊日历修改',0);
INSERT INTO TS_PERMISSION(ID,MENU_ID,PERMISSION_CODE,PERMISSION_NAME,IS_MENU_PERMISSION) VALUES(971105,9711,'WorkSpecialDateImport','特殊日历导入',0);
INSERT INTO TS_PERMISSION(ID,MENU_ID,PERMISSION_CODE,PERMISSION_NAME,IS_MENU_PERMISSION) VALUES(971106,9711,'WorkSpecialDateExport','特殊日历导出',0);

-- 主数据管理-工艺路径管理
INSERT INTO TS_LANGUAGE(CODE,ZH_CN,EN_US,OPT_COUNTER) VALUES('MENU_PATH_MENAGEMENT','工艺路径管理','Path Management',0);
INSERT INTO TS_MENU(ID,PARENT_ID,MENU_NAME,ICON_CLS,PAGE_URL) VALUES(9714,97,'MENU_PATH_MENAGEMENT','money','/path/listInput.do');
INSERT INTO TS_PERMISSION(ID,MENU_ID,PERMISSION_CODE,PERMISSION_NAME,IS_MENU_PERMISSION) VALUES(971401,9714,'PathView','工艺路径查看',1);
INSERT INTO TS_PERMISSION(ID,MENU_ID,PERMISSION_CODE,PERMISSION_NAME,IS_MENU_PERMISSION) VALUES(971402,9714,'PathAdd','工艺路径新增',0);
INSERT INTO TS_PERMISSION(ID,MENU_ID,PERMISSION_CODE,PERMISSION_NAME,IS_MENU_PERMISSION) VALUES(971403,9714,'PathDelete','工艺路径删除',0);
INSERT INTO TS_PERMISSION(ID,MENU_ID,PERMISSION_CODE,PERMISSION_NAME,IS_MENU_PERMISSION) VALUES(971404,9714,'PathUpdate','工艺路径修改',0);
INSERT INTO TS_PERMISSION(ID,MENU_ID,PERMISSION_CODE,PERMISSION_NAME,IS_MENU_PERMISSION) VALUES(971405,9714,'PathImport','工艺路径导入',0);
INSERT INTO TS_PERMISSION(ID,MENU_ID,PERMISSION_CODE,PERMISSION_NAME,IS_MENU_PERMISSION) VALUES(971406,9714,'PathExport','工艺路径导出',0);
INSERT INTO TS_PERMISSION(ID,MENU_ID,PERMISSION_CODE,PERMISSION_NAME,IS_MENU_PERMISSION) VALUES(971407,9714,'PathCopy','工艺路径复制',0);
INSERT INTO TS_PERMISSION(ID,MENU_ID,PERMISSION_CODE,PERMISSION_NAME,IS_MENU_PERMISSION) VALUES(971408,9714,'PathUlocView','工艺路径站点查看',1);
INSERT INTO TS_PERMISSION(ID,MENU_ID,PERMISSION_CODE,PERMISSION_NAME,IS_MENU_PERMISSION) VALUES(971409,9714,'PathUlocAdd','工艺路径站点新增',0);
INSERT INTO TS_PERMISSION(ID,MENU_ID,PERMISSION_CODE,PERMISSION_NAME,IS_MENU_PERMISSION) VALUES(971410,9714,'PathUlocDelete','工艺路径站点删除',0);
INSERT INTO TS_PERMISSION(ID,MENU_ID,PERMISSION_CODE,PERMISSION_NAME,IS_MENU_PERMISSION) VALUES(971411,9714,'PathUlocUpdate','工艺路径站点修改',0);
INSERT INTO TS_PERMISSION(ID,MENU_ID,PERMISSION_CODE,PERMISSION_NAME,IS_MENU_PERMISSION) VALUES(971412,9714,'PathUlocImport','工艺路径站点导入',0);
INSERT INTO TS_PERMISSION(ID,MENU_ID,PERMISSION_CODE,PERMISSION_NAME,IS_MENU_PERMISSION) VALUES(971413,9714,'PathUlocExport','工艺路径站点导出',0);

--主数据管理-供应商管理
INSERT INTO TS_LANGUAGE(CODE,ZH_CN,EN_US,OPT_COUNTER) VALUES('MENU_SUPPLIER_MANAGEMENT','供应商管理','Supplier Management',0);
INSERT INTO TS_MENU(ID,PARENT_ID,MENU_NAME,ICON_CLS,PAGE_URL) VALUES(9716,80,'MENU_SUPPLIER_MANAGEMENT','money','/supplier/listInput.do');
INSERT INTO TS_PERMISSION(ID,MENU_ID,PERMISSION_CODE,PERMISSION_NAME,IS_MENU_PERMISSION) VALUES(971601,9716,'SupplierView','供应商查看',1);
INSERT INTO TS_PERMISSION(ID,MENU_ID,PERMISSION_CODE,PERMISSION_NAME,IS_MENU_PERMISSION) VALUES(971602,9716,'SupplierAdd','供应商新增',0);
INSERT INTO TS_PERMISSION(ID,MENU_ID,PERMISSION_CODE,PERMISSION_NAME,IS_MENU_PERMISSION) VALUES(971603,9716,'SupplierDelete','供应商删除',0);
INSERT INTO TS_PERMISSION(ID,MENU_ID,PERMISSION_CODE,PERMISSION_NAME,IS_MENU_PERMISSION) VALUES(971604,9716,'SupplierUpdate','供应商修改',0);
INSERT INTO TS_PERMISSION(ID,MENU_ID,PERMISSION_CODE,PERMISSION_NAME,IS_MENU_PERMISSION) VALUES(971605,9716,'SupplierImport','供应商导入',0);
INSERT INTO TS_PERMISSION(ID,MENU_ID,PERMISSION_CODE,PERMISSION_NAME,IS_MENU_PERMISSION) VALUES(971606,9716,'SupplierExport','供应商导出',0);
INSERT INTO TS_PERMISSION(ID,MENU_ID,PERMISSION_CODE,PERMISSION_NAME,IS_MENU_PERMISSION) VALUES(971607,9716,'SupplierExportAll','关联导出',0);
INSERT INTO TS_PERMISSION(ID,MENU_ID,PERMISSION_CODE,PERMISSION_NAME,IS_MENU_PERMISSION) VALUES(971608,9716,'SupplierPartAdd','供应商零件新增',0);
INSERT INTO TS_PERMISSION(ID,MENU_ID,PERMISSION_CODE,PERMISSION_NAME,IS_MENU_PERMISSION) VALUES(971609,9716,'SupplierPartUpdate','供应商零件修改',0);
INSERT INTO TS_PERMISSION(ID,MENU_ID,PERMISSION_CODE,PERMISSION_NAME,IS_MENU_PERMISSION) VALUES(9716010,9716,'SupplierPartDelete','供应商零件删除',0);
INSERT INTO TS_PERMISSION(ID,MENU_ID,PERMISSION_CODE,PERMISSION_NAME,IS_MENU_PERMISSION) VALUES(9716011,9716,'SupplierPartExport','供应商零件导出',0);




/**
 * 生产计划
 */
INSERT INTO TS_LANGUAGE(CODE,ZH_CN,EN_US,OPT_COUNTER) VALUES ('MENU_PRODUCT_PLAN_MANAGEMENT','生产计划','pruduct plan',0);
INSERT INTO TS_MENU (ID, PARENT_ID, MENU_NAME, ICON_CLS) VALUES (81, null, 'MENU_PRODUCT_PLAN_MANAGEMENT', 'list');

/**
 * 工单管理
 */
INSERT INTO TS_LANGUAGE(CODE,ZH_CN,EN_US,OPT_COUNTER) VALUES ('MENU_PORDER_MANAGEMENT','工单管理','Porder management',0);
INSERT INTO TS_MENU (ID, PARENT_ID, MENU_NAME, ICON_CLS, PAGE_URL ) VALUES (8101, 81, 'MENU_PORDER_MANAGEMENT', 'money', '/porder/listInput.do' );
INSERT INTO TS_PERMISSION (ID, MENU_ID, PERMISSION_CODE, PERMISSION_NAME,IS_MENU_PERMISSION) VALUES (810101, 8101, 'porderView','工单查看',1);
INSERT INTO TS_PERMISSION (ID, MENU_ID, PERMISSION_CODE, PERMISSION_NAME,IS_MENU_PERMISSION) VALUES (810102, 8101, 'porderAdd', '新增',0);
INSERT INTO TS_PERMISSION (ID, MENU_ID, PERMISSION_CODE, PERMISSION_NAME,IS_MENU_PERMISSION) VALUES (810103, 8101, 'porderUpdate', '修改',0);
INSERT INTO TS_PERMISSION (ID, MENU_ID, PERMISSION_CODE, PERMISSION_NAME,IS_MENU_PERMISSION) VALUES (810104, 8101, 'porderClose', '关闭',0);
INSERT INTO TS_PERMISSION (ID, MENU_ID, PERMISSION_CODE, PERMISSION_NAME,IS_MENU_PERMISSION) VALUES (810105, 8101, 'porderPrintCard', '打印流转卡',0);
INSERT INTO TS_PERMISSION (ID, MENU_ID, PERMISSION_CODE, PERMISSION_NAME,IS_MENU_PERMISSION) VALUES (810106, 8101, 'porderSendJob', '派工',0);
INSERT INTO TS_PERMISSION (ID, MENU_ID, PERMISSION_CODE, PERMISSION_NAME,IS_MENU_PERMISSION) VALUES (810107, 8101, 'porderCancelSendJob', '取消派工',0);
INSERT INTO TS_PERMISSION (ID, MENU_ID, PERMISSION_CODE, PERMISSION_NAME,IS_MENU_PERMISSION) VALUES (810108, 8101, 'porderHold', 'HOLD/解HOLD',0);
INSERT INTO TS_PERMISSION (ID, MENU_ID, PERMISSION_CODE, PERMISSION_NAME,IS_MENU_PERMISSION) VALUES (810109, 8101, 'porderExport', '导出',0);
INSERT INTO TS_PERMISSION (ID, MENU_ID, PERMISSION_CODE, PERMISSION_NAME,IS_MENU_PERMISSION) VALUES (810110, 8101, 'porderImport', '导入',0);
INSERT INTO TS_PERMISSION (ID, MENU_ID, PERMISSION_CODE, PERMISSION_NAME,IS_MENU_PERMISSION) VALUES (810111, 8101, 'PorderAviPrintCard', '生产序列打印流转卡',0);
INSERT INTO TS_PERMISSION (ID, MENU_ID, PERMISSION_CODE, PERMISSION_NAME,IS_MENU_PERMISSION) VALUES (810112, 8101, 'PorderAviCancelTask', '生产序列撤回',0);
INSERT INTO TS_PERMISSION (ID, MENU_ID, PERMISSION_CODE, PERMISSION_NAME,IS_MENU_PERMISSION) VALUES (810113, 8101, 'PorderAviHold', '生产序列HOLD/解HOLD',0);
INSERT INTO TS_PERMISSION (ID, MENU_ID, PERMISSION_CODE, PERMISSION_NAME,IS_MENU_PERMISSION) VALUES (810114, 8101, 'PorderAviExport', '生产序列导出',0);
INSERT INTO TS_PERMISSION (ID, MENU_ID, PERMISSION_CODE, PERMISSION_NAME,IS_MENU_PERMISSION) VALUES (810129, 8101, 'PathParameterAdd', '参数新增',0);
INSERT INTO TS_PERMISSION (ID, MENU_ID, PERMISSION_CODE, PERMISSION_NAME,IS_MENU_PERMISSION) VALUES (810130, 8101, 'PathParameterUpdate', '参数修改',0);
INSERT INTO TS_PERMISSION (ID, MENU_ID, PERMISSION_CODE, PERMISSION_NAME,IS_MENU_PERMISSION) VALUES (810131, 8101, 'PathParameterDelete', '参数删除',0);
INSERT INTO TS_PERMISSION (ID, MENU_ID, PERMISSION_CODE, PERMISSION_NAME,IS_MENU_PERMISSION) VALUES (810132, 8101, 'PathParameterImport', '参数导入',0);
INSERT INTO TS_PERMISSION (ID, MENU_ID, PERMISSION_CODE, PERMISSION_NAME,IS_MENU_PERMISSION) VALUES (810133, 8101, 'PathParameterExport', '参数导出',0);
INSERT INTO TS_PERMISSION (ID, MENU_ID, PERMISSION_CODE, PERMISSION_NAME,IS_MENU_PERMISSION) VALUES (810134, 8101, 'PathParameterView', '参数查看',1);
INSERT INTO TS_PERMISSION (ID, MENU_ID, PERMISSION_CODE, PERMISSION_NAME,IS_MENU_PERMISSION) VALUES (810135, 8101, 'PathSipAdd', '质检项新增',0);
INSERT INTO TS_PERMISSION (ID, MENU_ID, PERMISSION_CODE, PERMISSION_NAME,IS_MENU_PERMISSION) VALUES (810136, 8101, 'PathSipUpdate', '质检项修改',0);
INSERT INTO TS_PERMISSION (ID, MENU_ID, PERMISSION_CODE, PERMISSION_NAME,IS_MENU_PERMISSION) VALUES (810137, 8101, 'PathSipDelete', '质检项删除',0);
INSERT INTO TS_PERMISSION (ID, MENU_ID, PERMISSION_CODE, PERMISSION_NAME,IS_MENU_PERMISSION) VALUES (810138, 8101, 'PathSipImport', '质检项导入',0);
INSERT INTO TS_PERMISSION (ID, MENU_ID, PERMISSION_CODE, PERMISSION_NAME,IS_MENU_PERMISSION) VALUES (810139, 8101, 'PathSipExport', '质检项导出',0);
INSERT INTO TS_PERMISSION (ID, MENU_ID, PERMISSION_CODE, PERMISSION_NAME,IS_MENU_PERMISSION) VALUES (810140, 8101, 'PathSipView', '质检项查看',1);
INSERT INTO TS_PERMISSION (ID, MENU_ID, PERMISSION_CODE, PERMISSION_NAME,IS_MENU_PERMISSION) VALUES (810141, 8101, 'PathPartAdd', '关键件新增',0);
INSERT INTO TS_PERMISSION (ID, MENU_ID, PERMISSION_CODE, PERMISSION_NAME,IS_MENU_PERMISSION) VALUES (810142, 8101, 'PathPartUpdate', '关键件修改',0);
INSERT INTO TS_PERMISSION (ID, MENU_ID, PERMISSION_CODE, PERMISSION_NAME,IS_MENU_PERMISSION) VALUES (810143, 8101, 'PathPartDelete', '关键件删除',0);
INSERT INTO TS_PERMISSION (ID, MENU_ID, PERMISSION_CODE, PERMISSION_NAME,IS_MENU_PERMISSION) VALUES (810144, 8101, 'PathPartImport', '关键件导入',0);
INSERT INTO TS_PERMISSION (ID, MENU_ID, PERMISSION_CODE, PERMISSION_NAME,IS_MENU_PERMISSION) VALUES (810145, 8101, 'PathPartExport', '关键件导出',0);
INSERT INTO TS_PERMISSION (ID, MENU_ID, PERMISSION_CODE, PERMISSION_NAME,IS_MENU_PERMISSION) VALUES (810146, 8101, 'PathPartView', '关键件查看',0);

/**
 * 生产查询
 */
INSERT INTO TS_LANGUAGE(CODE,ZH_CN,EN_US,OPT_COUNTER) VALUES ('MENU_PRODUCT_QUERY_MANAGEMENT','生产查询','pruduct query',0);
INSERT INTO TS_MENU (ID, PARENT_ID, MENU_NAME, ICON_CLS) VALUES (83, null, 'MENU_PRODUCT_QUERY_MANAGEMENT', 'list');

/**
 * 产品追溯
 */
INSERT INTO TS_LANGUAGE(CODE,ZH_CN,EN_US,OPT_COUNTER) VALUES ('MENU_RECORD_MANAGEMENT','产品追溯','Record management',0);
INSERT INTO TS_MENU (ID, PARENT_ID, MENU_NAME, ICON_CLS, PAGE_URL ) VALUES (8301,83, 'MENU_RECORD_MANAGEMENT', 'money', '/record/listInput.do' );
INSERT INTO TS_PERMISSION (ID, MENU_ID, PERMISSION_CODE, PERMISSION_NAME,IS_MENU_PERMISSION) VALUES (830101, 8301, 'recordView','工单查看',1);
INSERT INTO TS_PERMISSION (ID, MENU_ID, PERMISSION_CODE, PERMISSION_NAME,IS_MENU_PERMISSION) VALUES (830102, 8301, 'partView','物料查看',0);
INSERT INTO TS_PERMISSION (ID, MENU_ID, PERMISSION_CODE, PERMISSION_NAME,IS_MENU_PERMISSION) VALUES (830103, 8301, 'stateView','状态查看',0);
INSERT INTO TS_PERMISSION (ID, MENU_ID, PERMISSION_CODE, PERMISSION_NAME,IS_MENU_PERMISSION) VALUES (830104, 8301, 'parameterView','物料查看',0);
INSERT INTO TS_PERMISSION (ID, MENU_ID, PERMISSION_CODE, PERMISSION_NAME,IS_MENU_PERMISSION) VALUES (830105, 8301, 'ncView','不合格查看',0);
INSERT INTO TS_PERMISSION (ID, MENU_ID, PERMISSION_CODE, PERMISSION_NAME,IS_MENU_PERMISSION) VALUES (830106, 8301, 'qualityView','质检项查看',0);
INSERT INTO TS_PERMISSION (ID, MENU_ID, PERMISSION_CODE, PERMISSION_NAME,IS_MENU_PERMISSION) VALUES (830107, 8301, 'scrapView','报废查看',0);
INSERT INTO TS_PERMISSION (ID, MENU_ID, PERMISSION_CODE, PERMISSION_NAME,IS_MENU_PERMISSION) VALUES (830108, 8301, 'recordExportDate','导出数据',0);
INSERT INTO TS_PERMISSION (ID, MENU_ID, PERMISSION_CODE, PERMISSION_NAME,IS_MENU_PERMISSION) VALUES (830109, 8301, 'recordExportDateAll','导出级联数据',0);

/**
 * 生产再制查询
 */
INSERT INTO TS_LANGUAGE(CODE,ZH_CN,EN_US,OPT_COUNTER) VALUES ('MENU_WIP_MANAGEMENT','在制查询','wip management',0);
INSERT INTO TS_MENU (ID, PARENT_ID, MENU_NAME, ICON_CLS, PAGE_URL ) VALUES (8302,83, 'MENU_WIP_MANAGEMENT', 'money', '/wip/listInput.do' );
INSERT INTO TS_PERMISSION (ID, MENU_ID, PERMISSION_CODE, PERMISSION_NAME,IS_MENU_PERMISSION) VALUES (830201, 8302, 'wipView','在制查看',1);
INSERT INTO TS_PERMISSION (ID, MENU_ID, PERMISSION_CODE, PERMISSION_NAME,IS_MENU_PERMISSION) VALUES (830202, 8302, 'exportDate','导出数据',0);
INSERT INTO TS_PERMISSION (ID, MENU_ID, PERMISSION_CODE, PERMISSION_NAME,IS_MENU_PERMISSION) VALUES (830203, 8302, 'exportDetailDate','导出明细数据',0);
INSERT INTO TS_PERMISSION (ID, MENU_ID, PERMISSION_CODE, PERMISSION_NAME,IS_MENU_PERMISSION) VALUES (830204, 8302, 'scrapDate','报废',0);

/**
 * 生产过点工位操作类型(进入站点、出站点、记录不合格、 绑定关键件、绑定参数、记录质量项、记录报废 )
 */
INSERT INTO TS_DICT_TYPE(TYPE_CODE,TYPE_NAME,TYPE_NAME_EN,MARK_FOR_DELETE)  VALUES ('PRODUCT_OPERTION_TYPE','生产过点工位操作类型','product opertion type','0');
INSERT INTO TS_DICT_ENTRY(TYPE_ID,ENTRY_CODE,ENTRY_NAME,ENTRY_NAME_EN,SORT_NO) VALUES ((SELECT ID FROM TS_DICT_TYPE WHERE TYPE_CODE='PRODUCT_OPERTION_TYPE') ,'ULOC_START','进站点','ulocStart',1);
INSERT INTO TS_DICT_ENTRY(TYPE_ID,ENTRY_CODE,ENTRY_NAME,ENTRY_NAME_EN,SORT_NO) VALUES ((SELECT ID FROM TS_DICT_TYPE WHERE TYPE_CODE='PRODUCT_OPERTION_TYPE'),'ULOC_END','出站点','ulocEnd',2);
INSERT INTO TS_DICT_ENTRY(TYPE_ID,ENTRY_CODE,ENTRY_NAME,ENTRY_NAME_EN,SORT_NO) VALUES ((SELECT ID FROM TS_DICT_TYPE WHERE TYPE_CODE='PRODUCT_OPERTION_TYPE'),'NC_START','开始记录不合格','ncStart',3);
INSERT INTO TS_DICT_ENTRY(TYPE_ID,ENTRY_CODE,ENTRY_NAME,ENTRY_NAME_EN,SORT_NO) VALUES ((SELECT ID FROM TS_DICT_TYPE WHERE TYPE_CODE='PRODUCT_OPERTION_TYPE'),'NC_END','记录不合格结束','ncEnd',4);
INSERT INTO TS_DICT_ENTRY(TYPE_ID,ENTRY_CODE,ENTRY_NAME,ENTRY_NAME_EN,SORT_NO) VALUES ((SELECT ID FROM TS_DICT_TYPE WHERE TYPE_CODE='PRODUCT_OPERTION_TYPE'),'PART_BINDING_START','开始绑定物料','partBindingStart',5);
INSERT INTO TS_DICT_ENTRY(TYPE_ID,ENTRY_CODE,ENTRY_NAME,ENTRY_NAME_EN,SORT_NO) VALUES ((SELECT ID FROM TS_DICT_TYPE WHERE TYPE_CODE='PRODUCT_OPERTION_TYPE'),'PART_BINDING_END','绑定物料结束','partBindingEnd',6);
INSERT INTO TS_DICT_ENTRY(TYPE_ID,ENTRY_CODE,ENTRY_NAME,ENTRY_NAME_EN,SORT_NO) VALUES ((SELECT ID FROM TS_DICT_TYPE WHERE TYPE_CODE='PRODUCT_OPERTION_TYPE'),'PARAMETER_BINDING_START','开始绑定参数','parameterBindingStart',7);
INSERT INTO TS_DICT_ENTRY(TYPE_ID,ENTRY_CODE,ENTRY_NAME,ENTRY_NAME_EN,SORT_NO) VALUES ((SELECT ID FROM TS_DICT_TYPE WHERE TYPE_CODE='PRODUCT_OPERTION_TYPE'),'PARAMETER_BINDING_END','绑定参数结束','parameterBindingEnd',8);
INSERT INTO TS_DICT_ENTRY(TYPE_ID,ENTRY_CODE,ENTRY_NAME,ENTRY_NAME_EN,SORT_NO) VALUES ((SELECT ID FROM TS_DICT_TYPE WHERE TYPE_CODE='PRODUCT_OPERTION_TYPE'),'QUALITY_START','开始记录质量项','qualityStart',9);
INSERT INTO TS_DICT_ENTRY(TYPE_ID,ENTRY_CODE,ENTRY_NAME,ENTRY_NAME_EN,SORT_NO) VALUES ((SELECT ID FROM TS_DICT_TYPE WHERE TYPE_CODE='PRODUCT_OPERTION_TYPE'),'QUALITY_END','记录质量项结束','qualityEnd',10);
INSERT INTO TS_DICT_ENTRY(TYPE_ID,ENTRY_CODE,ENTRY_NAME,ENTRY_NAME_EN,SORT_NO) VALUES ((SELECT ID FROM TS_DICT_TYPE WHERE TYPE_CODE='PRODUCT_OPERTION_TYPE'),'RECORD_SCRAP','记录报废','recordStart',11);
/**
 * 质量检结果
 */
INSERT INTO TS_DICT_TYPE(TYPE_CODE,TYPE_NAME,TYPE_NAME_EN,MARK_FOR_DELETE)  VALUES ('QUALIRY_CHECK_RESULT','质量检查参数','qualiry check result','0');
INSERT INTO TS_DICT_ENTRY(TYPE_ID,ENTRY_CODE,ENTRY_NAME,ENTRY_NAME_EN,SORT_NO) VALUES ((SELECT ID FROM TS_DICT_TYPE WHERE TYPE_CODE='QUALIRY_CHECK_RESULT') ,'NO','不合格','no',1);
INSERT INTO TS_DICT_ENTRY(TYPE_ID,ENTRY_CODE,ENTRY_NAME,ENTRY_NAME_EN,SORT_NO) VALUES ((SELECT ID FROM TS_DICT_TYPE WHERE TYPE_CODE='QUALIRY_CHECK_RESULT'),'YES','合格','yes',2);
