INSERT INTO TS_DICT_TYPE(ID,TYPE_CODE,TYPE_NAME,TYPE_NAME_EN)  VALUES (SEQ_DICT_TYPE_ID.NEXTVAL, 'LOGINSTATUS','登陆状态','Status');
INSERT INTO TS_DICT_TYPE(ID,TYPE_CODE,TYPE_NAME,TYPE_NAME_EN)  VALUES (SEQ_DICT_TYPE_ID.NEXTVAL, 'GENDER','性别', 'Gender');
INSERT INTO TS_DICT_TYPE(ID,TYPE_CODE,TYPE_NAME,TYPE_NAME_EN)  VALUES (SEQ_DICT_TYPE_ID.NEXTVAL, 'ORGNIZATION_DIMENSION','组织架构维度','Dimension');
INSERT INTO TS_DICT_TYPE(ID,TYPE_CODE,TYPE_NAME,TYPE_NAME_EN)  VALUES (SEQ_DICT_TYPE_ID.NEXTVAL, 'ORGNIZATION_TYPE','组织架构类型','Type');
INSERT INTO TS_DICT_TYPE(ID,TYPE_CODE,TYPE_NAME,TYPE_NAME_EN)  VALUES (SEQ_DICT_TYPE_ID.NEXTVAL, 'ENABLE_STATUS','启用状态','Enabled');
INSERT INTO TS_DICT_TYPE(ID,TYPE_CODE,TYPE_NAME,TYPE_NAME_EN)  VALUES (SEQ_DICT_TYPE_ID.NEXTVAL, 'YES_OR_NO','是/否','Y/N');

INSERT INTO TS_DICT_ENTRY(ID,TYPE_ID,ENTRY_CODE,ENTRY_NAME,ENTRY_NAME_EN,SORT_NO) VALUES (SEQ_DICT_ENTRY_ID.NEXTVAL, (SELECT ID FROM TS_DICT_TYPE WHERE TYPE_CODE='ORGNIZATION_TYPE'),'COMPANY','公司','Company',1);
INSERT INTO TS_DICT_ENTRY(ID,TYPE_ID,ENTRY_CODE,ENTRY_NAME,ENTRY_NAME_EN,SORT_NO) VALUES (SEQ_DICT_ENTRY_ID.NEXTVAL, (SELECT ID FROM TS_DICT_TYPE WHERE TYPE_CODE='ORGNIZATION_TYPE'),'PART','部门','Department',2);
INSERT INTO TS_DICT_ENTRY(ID,TYPE_ID,ENTRY_CODE,ENTRY_NAME,ENTRY_NAME_EN,SORT_NO) VALUES (SEQ_DICT_ENTRY_ID.NEXTVAL, (SELECT ID FROM TS_DICT_TYPE WHERE TYPE_CODE='ORGNIZATION_DIMENSION'),'ADMIN','行政维度','Admin',1);


INSERT INTO TS_DICT_ENTRY(ID,TYPE_ID,ENTRY_CODE,ENTRY_NAME,ENTRY_NAME_EN,SORT_NO) VALUES (SEQ_DICT_ENTRY_ID.NEXTVAL, (SELECT ID FROM TS_DICT_TYPE WHERE TYPE_CODE='LOGINSTATUS') ,'NORMAL','正常','Normal',1);
INSERT INTO TS_DICT_ENTRY(ID,TYPE_ID,ENTRY_CODE,ENTRY_NAME,ENTRY_NAME_EN,SORT_NO) VALUES (SEQ_DICT_ENTRY_ID.NEXTVAL, (SELECT ID FROM TS_DICT_TYPE WHERE TYPE_CODE='LOGINSTATUS' ),'LOCK','锁定','Locked',2);

INSERT INTO TS_DICT_ENTRY(ID,TYPE_ID,ENTRY_CODE,ENTRY_NAME,ENTRY_NAME_EN,SORT_NO) VALUES (SEQ_DICT_ENTRY_ID.NEXTVAL, (SELECT ID FROM TS_DICT_TYPE WHERE TYPE_CODE='GENDER') ,'M','男','Male',1);
INSERT INTO TS_DICT_ENTRY(ID,TYPE_ID,ENTRY_CODE,ENTRY_NAME,ENTRY_NAME_EN,SORT_NO) VALUES (SEQ_DICT_ENTRY_ID.NEXTVAL, (SELECT ID FROM TS_DICT_TYPE WHERE TYPE_CODE='GENDER'),'F','女','Female',2);
INSERT INTO TS_DICT_ENTRY(ID,TYPE_ID,ENTRY_CODE,ENTRY_NAME,ENTRY_NAME_EN,SORT_NO) VALUES (SEQ_DICT_ENTRY_ID.NEXTVAL, (SELECT ID FROM TS_DICT_TYPE WHERE TYPE_CODE='GENDER'),'U','未知','Unknow',3);

INSERT INTO TS_DICT_ENTRY(ID,TYPE_ID,ENTRY_CODE,ENTRY_NAME,ENTRY_NAME_EN,SORT_NO) VALUES (SEQ_DICT_ENTRY_ID.NEXTVAL, (SELECT ID FROM TS_DICT_TYPE WHERE TYPE_CODE='ENABLE_STATUS') ,'ENABLE','启用','Enable',1);
INSERT INTO TS_DICT_ENTRY(ID,TYPE_ID,ENTRY_CODE,ENTRY_NAME,ENTRY_NAME_EN,SORT_NO) VALUES (SEQ_DICT_ENTRY_ID.NEXTVAL, (SELECT ID FROM TS_DICT_TYPE WHERE TYPE_CODE='ENABLE_STATUS' ),'DISABLE','禁用','Disable',2);

INSERT INTO TS_DICT_ENTRY(ID,TYPE_ID,ENTRY_CODE,ENTRY_NAME,ENTRY_NAME_EN,SORT_NO) VALUES (SEQ_DICT_ENTRY_ID.NEXTVAL, (SELECT ID FROM TS_DICT_TYPE WHERE TYPE_CODE='YES_OR_NO'),'Y','是','Yes',1);
INSERT INTO TS_DICT_ENTRY(ID,TYPE_ID,ENTRY_CODE,ENTRY_NAME,ENTRY_NAME_EN,SORT_NO) VALUES (SEQ_DICT_ENTRY_ID.NEXTVAL, (SELECT ID FROM TS_DICT_TYPE WHERE TYPE_CODE='YES_OR_NO'),'N','否','No',2);

--系统管理
INSERT INTO TS_LANGUAGE(ID,CODE,ZH_CN,EN_US,OPT_COUNTER) VALUES (SEQ_LANGUAGE_ID.NEXTVAL, 'MENU_SYSTEM_MANAGEMENT','系统管理','System Management',0);
INSERT INTO TS_MENU (ID, PARENT_ID, MENU_NAME, ICON_CLS) VALUES (99, null, 'MENU_SYSTEM_MANAGEMENT', 'desktop');

INSERT INTO TS_LANGUAGE(ID,CODE,ZH_CN,EN_US,OPT_COUNTER) VALUES (SEQ_LANGUAGE_ID.NEXTVAL, 'MENU_USER_MANAGEMENT','用户管理','User Management',0);
INSERT INTO TS_MENU (ID, PARENT_ID, MENU_NAME, ICON_CLS, PAGE_URL ) VALUES (9901, 99, 'MENU_USER_MANAGEMENT', 'user', '/user/listInput.do' );
INSERT INTO TS_PERMISSION (ID, MENU_ID, PERMISSION_CODE, PERMISSION_NAME,IS_MENU_PERMISSION) VALUES (990101, 9901, 'UserView', '用户查看',1);
INSERT INTO TS_PERMISSION (ID, MENU_ID, PERMISSION_CODE, PERMISSION_NAME,IS_MENU_PERMISSION) VALUES (990102, 9901, 'UserEdit', '用户编辑',0);

INSERT INTO TS_LANGUAGE(ID,CODE,ZH_CN,EN_US,OPT_COUNTER) VALUES (SEQ_LANGUAGE_ID.NEXTVAL, 'MENU_ROLE_MANAGEMENT','角色管理','Role Management',0);
INSERT INTO TS_MENU (ID, PARENT_ID, MENU_NAME, ICON_CLS, PAGE_URL ) VALUES (9902, 99, 'MENU_ROLE_MANAGEMENT', 'cog', '/role/listInput.do' );
INSERT INTO TS_PERMISSION (ID, MENU_ID, PERMISSION_CODE, PERMISSION_NAME,IS_MENU_PERMISSION) VALUES (990201, 9902, 'RoleView', '角色查看',1);
INSERT INTO TS_PERMISSION (ID, MENU_ID, PERMISSION_CODE, PERMISSION_NAME,IS_MENU_PERMISSION) VALUES (990202, 9902, 'RoleEdit', '角色编辑',0);

INSERT INTO TS_LANGUAGE(ID,CODE,ZH_CN,EN_US,OPT_COUNTER) VALUES (SEQ_LANGUAGE_ID.NEXTVAL, 'MENU_DICTIONARY_TYPE_MANAGEMENT','字典类型管理','Dictionary Type',0);
INSERT INTO TS_MENU (ID, PARENT_ID, MENU_NAME, ICON_CLS, PAGE_URL ) VALUES (9903, 99, 'MENU_DICTIONARY_TYPE_MANAGEMENT', 'book', '/type/listInput.do' );
INSERT INTO TS_PERMISSION (ID, MENU_ID, PERMISSION_CODE, PERMISSION_NAME,IS_MENU_PERMISSION) VALUES (990301, 9903, 'TypeView', '字典类型查看',1);
INSERT INTO TS_PERMISSION (ID, MENU_ID, PERMISSION_CODE, PERMISSION_NAME,IS_MENU_PERMISSION) VALUES (990302, 9903, 'TypeEdit', '字典类型编辑',0);

INSERT INTO TS_LANGUAGE(ID,CODE,ZH_CN,EN_US,OPT_COUNTER) VALUES (SEQ_LANGUAGE_ID.NEXTVAL, 'MENU_DICTIONARY_PARAMETER_MANAGEMENT','字典参数管理','Dictionary Parameter',0);
INSERT INTO TS_MENU (ID, PARENT_ID, MENU_NAME, ICON_CLS, PAGE_URL ) VALUES (9904, 99, 'MENU_DICTIONARY_PARAMETER_MANAGEMENT', 'archive', '/entry/listInput.do' );
INSERT INTO TS_PERMISSION (ID, MENU_ID, PERMISSION_CODE, PERMISSION_NAME,IS_MENU_PERMISSION) VALUES (990401, 9904, 'EntryView', '字典参数查看',1);
INSERT INTO TS_PERMISSION (ID, MENU_ID, PERMISSION_CODE, PERMISSION_NAME,IS_MENU_PERMISSION) VALUES (990402, 9904, 'EntryEdit', '字典参数编辑',0);

INSERT INTO TS_LANGUAGE(ID,CODE,ZH_CN,EN_US,OPT_COUNTER) VALUES (SEQ_LANGUAGE_ID.NEXTVAL, 'MENU_ORGNIZATION_MANAGEMENT','组织架构管理','Orgnization Management',0);
INSERT INTO TS_MENU (ID, PARENT_ID, MENU_NAME, ICON_CLS, PAGE_URL ) VALUES (9905, 99, 'MENU_ORGNIZATION_MANAGEMENT', 'archive', '/orgnization/listTreeInput.do' );
INSERT INTO TS_PERMISSION (ID, MENU_ID, PERMISSION_CODE, PERMISSION_NAME,IS_MENU_PERMISSION) VALUES (990501, 9905, 'EntryView', '组织架构查看',1);
INSERT INTO TS_PERMISSION (ID, MENU_ID, PERMISSION_CODE, PERMISSION_NAME,IS_MENU_PERMISSION) VALUES (990502, 9905, 'EntryEdit', '组织架构编辑',0);

--INSERT INTO TS_LANGUAGE(ID,CODE,ZH_CN,EN_US,OPT_COUNTER) VALUES (SEQ_LANGUAGE_ID.NEXTVAL, 'MENU_DATA_PERMISSION_MANAGEMENT','数据权限管理','DataPermission Management',0);
--INSERT INTO TS_MENU (ID, PARENT_ID, MENU_NAME, ICON_CLS, PAGE_URL ) VALUES (9906, 99, 'MENU_DATA_PERMISSION_MANAGEMENT', 'archive', '/dataPermission/listInput.do' );
--INSERT INTO TS_PERMISSION (ID, MENU_ID, PERMISSION_CODE, PERMISSION_NAME,IS_MENU_PERMISSION) VALUES (990601, 9906, 'EntryView', '数据权限查看',1);
--INSERT INTO TS_PERMISSION (ID, MENU_ID, PERMISSION_CODE, PERMISSION_NAME,IS_MENU_PERMISSION) VALUES (990602, 9906, 'EntryEdit', '数据权限编辑',0);
--
--INSERT INTO TS_LANGUAGE(ID,CODE,ZH_CN,EN_US,OPT_COUNTER) VALUES (SEQ_LANGUAGE_ID.NEXTVAL, 'MENU_DATA_PERMISSION_SET_MANAGEMENT','数据权限集管理','DataPermissionSet Management',0);
--INSERT INTO TS_MENU (ID, PARENT_ID, MENU_NAME, ICON_CLS, PAGE_URL ) VALUES (9907, 99, 'MENU_DATA_PERMISSION_SET_MANAGEMENT', 'archive', '/dataPermissionSet/listInput.do' );
--INSERT INTO TS_PERMISSION (ID, MENU_ID, PERMISSION_CODE, PERMISSION_NAME,IS_MENU_PERMISSION) VALUES (990701, 9907, 'EntryView', '数据权限集查看',1);
--INSERT INTO TS_PERMISSION (ID, MENU_ID, PERMISSION_CODE, PERMISSION_NAME,IS_MENU_PERMISSION) VALUES (990702, 9907, 'EntryEdit', '数据权限集编辑',0);

INSERT INTO TS_LANGUAGE(ID,CODE,ZH_CN,EN_US,OPT_COUNTER) VALUES (SEQ_LANGUAGE_ID.NEXTVAL, 'MENU_SYSTEM_CONFIG_MANAGEMENT','系统配置管理','SystemConfig Management',0);
INSERT INTO TS_MENU (ID, PARENT_ID, MENU_NAME, ICON_CLS, PAGE_URL ) VALUES (9908, 99, 'MENU_SYSTEM_CONFIG_MANAGEMENT', 'foursquare', '/basis/configuration/listInput.do' );
INSERT INTO TS_PERMISSION (ID, MENU_ID, PERMISSION_CODE, PERMISSION_NAME,IS_MENU_PERMISSION) VALUES (990801, 9908, 'SystemConfigView', '系统配置查看',1);
INSERT INTO TS_PERMISSION (ID, MENU_ID, PERMISSION_CODE, PERMISSION_NAME,IS_MENU_PERMISSION) VALUES (990802, 9908, 'SystemConfigEdit',   '系统配置编辑',0);


INSERT INTO TS_GLOBAL_CONFIGURATION(ID,SYS_KEY,NAME,SYS_VALUE,PROPERTY,REMARK) VALUES(SEQ_GLOBAL_CONFIGURATION_ID.NEXTVAL, 'SMTP_HOST','SMTP服务器' ,'smtp.exmail.qq.com','*','设置SMTP主机地址');
INSERT INTO TS_GLOBAL_CONFIGURATION(ID,SYS_KEY,NAME,SYS_VALUE,PROPERTY,REMARK) VALUES(SEQ_GLOBAL_CONFIGURATION_ID.NEXTVAL, 'SMTP_USER_NAME','邮件账户' ,'isbg_support@westinfosoft.com','e','设置系统发件人账户');
INSERT INTO TS_GLOBAL_CONFIGURATION(ID,SYS_KEY,NAME,SYS_VALUE,PROPERTY,REMARK) VALUES(SEQ_GLOBAL_CONFIGURATION_ID.NEXTVAL, 'SMTP_PASSWORD','邮件账户密码' ,'isbg0822','*','设置系统发件人密码');
INSERT INTO TS_GLOBAL_CONFIGURATION(ID,SYS_KEY,NAME,SYS_VALUE,PROPERTY,REMARK) VALUES(SEQ_GLOBAL_CONFIGURATION_ID.NEXTVAL, 'IMG_BASE_URL','图片资源根地址' ,'http://localhost:8080/static/images/','url','设置图片文件的根url');
INSERT INTO TS_GLOBAL_CONFIGURATION(ID,SYS_KEY,NAME,SYS_VALUE,PROPERTY,REMARK) VALUES(SEQ_GLOBAL_CONFIGURATION_ID.NEXTVAL, 'ATTACHMENT_BASE_PATH','附件资源根目录' ,'D:/app/static/attachments/','*','设置文件资源存放的根目录');
INSERT INTO TS_GLOBAL_CONFIGURATION(ID,SYS_KEY,NAME,SYS_VALUE,PROPERTY,REMARK) VALUES(SEQ_GLOBAL_CONFIGURATION_ID.NEXTVAL, 'IMG_BASE_PATH','图片资源根目录' ,'D:/app/static/images/','*','设置图片资源存放的根目录');
INSERT INTO TS_GLOBAL_CONFIGURATION(ID,SYS_KEY,NAME,SYS_VALUE,PROPERTY,REMARK) VALUES(SEQ_GLOBAL_CONFIGURATION_ID.NEXTVAL, 'BARCODE_BASE_PATH','生成条形码路径' ,'D:/app/static/barcode/','*','设置生成条形码图片文件的根url');
--系统监控
INSERT INTO TS_LANGUAGE(ID,CODE,ZH_CN,EN_US,OPT_COUNTER) VALUES (SEQ_LANGUAGE_ID.NEXTVAL, 'MENU_SYSTEM_MONITORING','系统监控','System Monitoring',0);
INSERT INTO TS_MENU (ID, PARENT_ID, MENU_NAME, ICON_CLS) VALUES (98, null, 'MENU_SYSTEM_MONITORING', 'eye-open');

INSERT INTO TS_LANGUAGE(ID,CODE,ZH_CN,EN_US,OPT_COUNTER) VALUES (SEQ_LANGUAGE_ID.NEXTVAL, 'MENU_AUDIT_LOG','审计日志','Audit Log',0);
INSERT INTO TS_MENU (ID, PARENT_ID, MENU_NAME, ICON_CLS, PAGE_URL ) VALUES (9801, 98, 'MENU_AUDIT_LOG', 'file-text-alt', '/audit/listInput.do' );
INSERT INTO TS_PERMISSION (ID, MENU_ID, PERMISSION_CODE, PERMISSION_NAME,IS_MENU_PERMISSION) VALUES (980101, 9801, 'AuditLogView', '审计日志查看',1);
INSERT INTO TS_PERMISSION (ID, MENU_ID, PERMISSION_CODE, PERMISSION_NAME,IS_MENU_PERMISSION) VALUES (980102, 9801, 'AuditLogEdit',   '审计日志编辑',0);

INSERT INTO TS_LANGUAGE(ID,CODE,ZH_CN,EN_US,OPT_COUNTER) VALUES (SEQ_LANGUAGE_ID.NEXTVAL, 'MENU_JOB','定时任务','Job Definiition',0);
INSERT INTO TS_MENU (ID, PARENT_ID, MENU_NAME, ICON_CLS, PAGE_URL ) VALUES (9802, 98, 'MENU_JOB', 'spinner', '/job/listInput.do' );
INSERT INTO TS_PERMISSION (ID, MENU_ID, PERMISSION_CODE, PERMISSION_NAME,IS_MENU_PERMISSION) VALUES (980201, 9802, 'JobView', '定时任务查看',1);
INSERT INTO TS_PERMISSION (ID, MENU_ID, PERMISSION_CODE, PERMISSION_NAME,IS_MENU_PERMISSION) VALUES (980202, 9802, 'JobEdit', '定时任务编辑',0);
INSERT INTO TS_PERMISSION (ID, MENU_ID, PERMISSION_CODE, PERMISSION_NAME,IS_MENU_PERMISSION) VALUES (980204, 9802, 'JobPause', '定时任务暂停',0);
INSERT INTO TS_PERMISSION (ID, MENU_ID, PERMISSION_CODE, PERMISSION_NAME,IS_MENU_PERMISSION) VALUES (980205, 9802, 'JobResume', '定时任务恢复',0);
INSERT INTO TS_PERMISSION (ID, MENU_ID, PERMISSION_CODE, PERMISSION_NAME,IS_MENU_PERMISSION) VALUES (980206, 9802, 'JobRunImmediately', '定时任务立即执行',0);
INSERT INTO TS_PERMISSION (ID, MENU_ID, PERMISSION_CODE, PERMISSION_NAME,IS_MENU_PERMISSION) VALUES (980207, 9802, 'JobLogView', '定时任务日志查看',0);

INSERT INTO TS_LANGUAGE(ID,CODE,ZH_CN,EN_US,OPT_COUNTER) VALUES (SEQ_LANGUAGE_ID.NEXTVAL, 'MENU_DATA_MONITORING','数据监控','Data Monitoring',0);
INSERT INTO TS_MENU (ID, PARENT_ID, MENU_NAME, ICON_CLS, PAGE_URL ) VALUES (9803, 98, 'MENU_DATA_MONITORING', 'tasks', '/dataSource/druid.do' );
INSERT INTO TS_PERMISSION (ID, MENU_ID, PERMISSION_CODE, PERMISSION_NAME,IS_MENU_PERMISSION) VALUES (980301, 9803, 'DataMonitorView', '数据监控查看',1);

INSERT INTO TS_LANGUAGE(CODE,ZH_CN,EN_US,OPT_COUNTER) VALUES ('MENU_SYSTEM_MONITORING','系统监控','System Monitoring',0);
INSERT INTO TS_MENU (ID, PARENT_ID, MENU_NAME, ICON_CLS, PAGE_URL ) VALUES (9804, 98, 'MENU_SYSTEM_MONITORING', 'laptop', '/system/monitor.do' );
INSERT INTO TS_PERMISSION (ID, MENU_ID, PERMISSION_CODE, PERMISSION_NAME,IS_MENU_PERMISSION) VALUES (980401, 9804, 'SystemMonitorView', '系统监控查看',1);

--消息中心
--INSERT INTO TS_LANGUAGE(ID,CODE,ZH_CN,EN_US,OPT_COUNTER) VALUES (SEQ_LANGUAGE_ID.NEXTVAL, 'MENU_MESSAGE_CENTER','消息中心','Message Center',0);
--insert into TS_MENU (ID, PARENT_ID, MENU_NAME, ICON_CLS) VALUES (90000, null, 'MENU_MESSAGE_CENTER', 'comments');
--
--INSERT INTO TS_LANGUAGE(ID,CODE,ZH_CN,EN_US,OPT_COUNTER) VALUES (SEQ_LANGUAGE_ID.NEXTVAL, 'MENU_NOTIFICATION','通知','Notification',0);
--INSERT INTO TS_MENU (ID, PARENT_ID, MENU_NAME, ICON_CLS, PAGE_URL ) VALUES (90010, 90000, 'MENU_NOTIFICATION', 'bell', '/notification/myListInput.do' );
--insert into TS_PERMISSION (ID, MENU_ID, PERMISSION_CODE, PERMISSION_NAME,IS_MENU_PERMISSION) VALUES (90011, 90010, 'MyNotificationListView', '通知列表查看', 1);
--
--INSERT INTO TS_LANGUAGE(ID,CODE,ZH_CN,EN_US,OPT_COUNTER) VALUES (SEQ_LANGUAGE_ID.NEXTVAL, 'MENU_NOTIFICATION_MANAGEMENT','通知管理','Notification Management',0);
--INSERT INTO TS_MENU (ID, PARENT_ID, MENU_NAME, ICON_CLS, PAGE_URL ) VALUES (90020, 90000, 'MENU_NOTIFICATION_MANAGEMENT', 'comment', '/notification/managementListInput.do' );
--insert into TS_PERMISSION (ID, MENU_ID, PERMISSION_CODE, PERMISSION_NAME,IS_MENU_PERMISSION) VALUES (90021, 90020, 'NotificationManagementListView', '通知列表查看', 1);
--insert into TS_PERMISSION (ID, MENU_ID, PERMISSION_CODE, PERMISSION_NAME,IS_MENU_PERMISSION) VALUES (90022, 90020, 'NotificationManagementListEdit', '通知列表编辑', 0);
--
----流程平台
--INSERT INTO TS_LANGUAGE(ID,CODE,ZH_CN,EN_US,OPT_COUNTER) VALUES (SEQ_LANGUAGE_ID.NEXTVAL, 'MENU_PROCESS_MANAGER','流程管理','Process Manager',0);
--insert into TS_MENU (ID, PARENT_ID, MENU_NAME, ICON_CLS) VALUES (91000, null, 'MENU_PROCESS_MANAGER', 'bar-chart');
--
--INSERT INTO TS_LANGUAGE(ID,CODE,ZH_CN,EN_US,OPT_COUNTER) VALUES (SEQ_LANGUAGE_ID.NEXTVAL, 'MENU_PROCESS_List','流程列表','Process List',0);
--insert into TS_MENU (ID, PARENT_ID, MENU_NAME, ICON_CLS, PAGE_URL ) VALUES (91010, 91000, 'MENU_PROCESS_List', 'search', '/bpm/definition/manage/listInput.do' );
--insert into TS_PERMISSION (ID, MENU_ID, PERMISSION_CODE, PERMISSION_NAME,IS_MENU_PERMISSION) VALUES (91011, 91010, 'ProcessListView', '流程列表查看',1);
--insert into TS_PERMISSION (ID, MENU_ID, PERMISSION_CODE, PERMISSION_NAME,IS_MENU_PERMISSION) VALUES (91012, 91010, 'ProcessListEdit', '流程列表操作',0);
--insert into TS_PERMISSION (ID, MENU_ID, PERMISSION_CODE, PERMISSION_NAME,IS_MENU_PERMISSION) VALUES (91013, 91010, 'ProcessStart', '流程启动',2);
--
--INSERT INTO TS_LANGUAGE(ID,CODE,ZH_CN,EN_US,OPT_COUNTER) VALUES (SEQ_LANGUAGE_ID.NEXTVAL, 'MENU_PROCESS_MODEL','模型定义','Model Design',0);
--insert into TS_MENU (ID, PARENT_ID, MENU_NAME, ICON_CLS, PAGE_URL ) VALUES (91020, 91000, 'MENU_PROCESS_MODEL', 'lemon', '/bpm/model/manage/listInput.do' );
--insert into TS_PERMISSION (ID, MENU_ID, PERMISSION_CODE, PERMISSION_NAME,IS_MENU_PERMISSION) VALUES (91021, 91020, 'ModelDesignView', '模型定义查看',1);
--insert into TS_PERMISSION (ID, MENU_ID, PERMISSION_CODE, PERMISSION_NAME,IS_MENU_PERMISSION) VALUES (91022, 91020, 'ModelDesignEdit', '模型定义操作',0);
--
--INSERT INTO TS_LANGUAGE(ID,CODE,ZH_CN,EN_US,OPT_COUNTER) VALUES (SEQ_LANGUAGE_ID.NEXTVAL, 'MENU_PROCESS_RUNNING','运行流程管理','Process Running',0);
--insert into TS_MENU (ID, PARENT_ID, MENU_NAME, ICON_CLS, PAGE_URL ) VALUES (91030, 91000, 'MENU_PROCESS_RUNNING', 'building', '/bpm/instance/manage/listInput.do' );
--insert into TS_PERMISSION (ID, MENU_ID, PERMISSION_CODE, PERMISSION_NAME,IS_MENU_PERMISSION) VALUES (91031, 91030, 'ProcessRunningView', '流程运行中查看',1);
--insert into TS_PERMISSION (ID, MENU_ID, PERMISSION_CODE, PERMISSION_NAME,IS_MENU_PERMISSION) VALUES (91032, 91030, 'ProcessRunninEdit', '流程运行操作',0);
--
--INSERT INTO TS_LANGUAGE(ID,CODE,ZH_CN,EN_US,OPT_COUNTER) VALUES (SEQ_LANGUAGE_ID.NEXTVAL, 'MENU_PROCESS_ENDED','历史流程管理','Process Ended',0);
--insert into TS_MENU (ID, PARENT_ID, MENU_NAME, ICON_CLS, PAGE_URL ) VALUES (91040, 91000, 'MENU_PROCESS_ENDED', 'camera', '/bpm/hisinstance/manage/listInput.do' );
--insert into TS_PERMISSION (ID, MENU_ID, PERMISSION_CODE, PERMISSION_NAME,IS_MENU_PERMISSION) VALUES (91041, 91040, 'ProcessEndView', '流程完结的查看',1);
--insert into TS_PERMISSION (ID, MENU_ID, PERMISSION_CODE, PERMISSION_NAME,IS_MENU_PERMISSION) VALUES (91042, 91040, 'ProcessEndEdit', '流程完结的操作',0);
--
--INSERT INTO TS_LANGUAGE(ID,CODE,ZH_CN,EN_US,OPT_COUNTER) VALUES (SEQ_LANGUAGE_ID.NEXTVAL, 'MENU_PROCESS_PROXY','委托管理','Process Proxy',0);
--insert into TS_MENU (ID, PARENT_ID, MENU_NAME, ICON_CLS, PAGE_URL ) VALUES (91050, 91000, 'MENU_PROCESS_PROXY', 'credit-card', '/bpm/delegate/managedelegate/listInput.do' );
--insert into TS_PERMISSION (ID, MENU_ID, PERMISSION_CODE, PERMISSION_NAME,IS_MENU_PERMISSION) VALUES (91051, 91050, 'ProcessProxyView', '流程代理查看',1);
--insert into TS_PERMISSION (ID, MENU_ID, PERMISSION_CODE, PERMISSION_NAME,IS_MENU_PERMISSION) VALUES (91052, 91050, 'ProcessProxyEdit', '流程代理操作',0);
--
--INSERT INTO TS_LANGUAGE(ID,CODE,ZH_CN,EN_US,OPT_COUNTER) VALUES (SEQ_LANGUAGE_ID.NEXTVAL, 'MENU_PUNNING_TASK','运行任务管理','Runnig Task',0);
--insert into TS_MENU (ID, PARENT_ID, MENU_NAME, ICON_CLS, PAGE_URL ) VALUES (91060, 91000, 'MENU_PUNNING_TASK', 'folder-close-alt', '/bpm/task/todo/manage/listInput.do');
--insert into TS_PERMISSION (ID, MENU_ID, PERMISSION_CODE, PERMISSION_NAME,IS_MENU_PERMISSION) VALUES (91061, 91060, 'RunningTaskView', '运行任务查看',1);
--insert into TS_PERMISSION (ID, MENU_ID, PERMISSION_CODE, PERMISSION_NAME,IS_MENU_PERMISSION) VALUES (91062, 91060, 'RunningTaskEdit', '运行任务编辑',0);
--
--INSERT INTO TS_LANGUAGE(ID,CODE,ZH_CN,EN_US,OPT_COUNTER) VALUES (SEQ_LANGUAGE_ID.NEXTVAL, 'MENU_TASK_REMIND','任务处理提醒','Task Remind',0);
--insert into TS_MENU (ID, PARENT_ID, MENU_NAME, ICON_CLS, PAGE_URL ) VALUES (91070, 91000, 'MENU_TASK_REMIND', 'time', '/bpm/manage/remind/listInput.do');
--insert into TS_PERMISSION (ID, MENU_ID, PERMISSION_CODE, PERMISSION_NAME,IS_MENU_PERMISSION) VALUES (91071, 91070, 'TaskRemindView', '任务处理提醒查看',1);
--insert into TS_PERMISSION (ID, MENU_ID, PERMISSION_CODE, PERMISSION_NAME,IS_MENU_PERMISSION) VALUES (91072, 91070, 'TaskRemindEdit', '任务处理提醒编辑',0);
--insert into TS_PERMISSION (ID, MENU_ID, PERMISSION_CODE, PERMISSION_NAME,IS_MENU_PERMISSION) VALUES (91073, 91070, 'TaskRemindRelease', '任务处理提醒发布',0);
--
--INSERT INTO TS_LANGUAGE(ID,CODE,ZH_CN,EN_US,OPT_COUNTER) VALUES (SEQ_LANGUAGE_ID.NEXTVAL, 'MENU_PROCESS_MYPROCESS','我的流程','MyProcess',0);
--insert into TS_MENU (ID, PARENT_ID, MENU_NAME, ICON_CLS) VALUES (92000, null, 'MENU_PROCESS_MYPROCESS', 'folder-close');
--
--INSERT INTO TS_LANGUAGE(ID,CODE,ZH_CN,EN_US,OPT_COUNTER) VALUES (SEQ_LANGUAGE_ID.NEXTVAL, 'MENU_LAUNCH_NEWPROCESS','发起新的流程','Launch NewProcess',0);
--insert into TS_MENU (ID, PARENT_ID, MENU_NAME, ICON_CLS, PAGE_URL ) VALUES (92010, 92000, 'MENU_LAUNCH_NEWPROCESS', 'star', '/bpm/definition/personal/listInput.do' );
--insert into TS_PERMISSION (ID, MENU_ID, PERMISSION_CODE, PERMISSION_NAME,IS_MENU_PERMISSION) VALUES (92011, 92010, 'LaunchNewProcessView', '发起新流程查看',1);
--insert into TS_PERMISSION (ID, MENU_ID, PERMISSION_CODE, PERMISSION_NAME,IS_MENU_PERMISSION) VALUES (92012, 92010, 'LaunchNewProcessEdit', '发起新流程操作',0);
--
--INSERT INTO TS_LANGUAGE(ID,CODE,ZH_CN,EN_US,OPT_COUNTER) VALUES (SEQ_LANGUAGE_ID.NEXTVAL, 'MENU_RUNNING_PROCESS','运行的流程','Running Process',0);
--insert into TS_MENU (ID, PARENT_ID, MENU_NAME, ICON_CLS, PAGE_URL ) VALUES (92020, 92000, 'MENU_RUNNING_PROCESS', 'bullseye', '/bpm/instance/personal/running/listInput.do' );
--insert into TS_PERMISSION (ID, MENU_ID, PERMISSION_CODE, PERMISSION_NAME,IS_MENU_PERMISSION) VALUES (92021, 92020, 'RunningProcessView', '运行中流程查看',1);
--insert into TS_PERMISSION (ID, MENU_ID, PERMISSION_CODE, PERMISSION_NAME,IS_MENU_PERMISSION) VALUES (92022, 92020, 'RunningProcessEdit', '运行中流程操作',0);
--
--INSERT INTO TS_LANGUAGE(ID,CODE,ZH_CN,EN_US,OPT_COUNTER) VALUES (SEQ_LANGUAGE_ID.NEXTVAL, 'MENU_END_PROCESS','完结的流程','End Process',0);
--insert into TS_MENU (ID, PARENT_ID, MENU_NAME, ICON_CLS, PAGE_URL ) VALUES (92030, 92000, 'MENU_END_PROCESS', 'ticket', '/bpm/hisinstance/personal/listInput.do' );
--insert into TS_PERMISSION (ID, MENU_ID, PERMISSION_CODE, PERMISSION_NAME,IS_MENU_PERMISSION) VALUES (92031, 92030, 'EndProcessView', '完结流程查看',1);
--insert into TS_PERMISSION (ID, MENU_ID, PERMISSION_CODE, PERMISSION_NAME,IS_MENU_PERMISSION) VALUES (92032, 92030, 'EndProcessEdit', '完结流程操作',0);
--
--INSERT INTO TS_LANGUAGE(ID,CODE,ZH_CN,EN_US,OPT_COUNTER) VALUES (SEQ_LANGUAGE_ID.NEXTVAL, 'MENU_PARTAKE_PROCESS','参与的流程','Partake Process',0);
--insert into TS_MENU (ID, PARENT_ID, MENU_NAME, ICON_CLS, PAGE_URL ) VALUES (92040, 92000, 'MENU_PARTAKE_PROCESS', 'leaf', '/bpm/instance/personal/involved/listInput.do' );
--insert into TS_PERMISSION (ID, MENU_ID, PERMISSION_CODE, PERMISSION_NAME,IS_MENU_PERMISSION) VALUES (92041, 92040, 'PartakeProcessView', '参与的流程查看',1);
--insert into TS_PERMISSION (ID, MENU_ID, PERMISSION_CODE, PERMISSION_NAME,IS_MENU_PERMISSION) VALUES (92042, 92040, 'PartakeProcessEdit', '参与的流程操作',0);
--
--INSERT INTO TS_LANGUAGE(ID,CODE,ZH_CN,EN_US,OPT_COUNTER) VALUES (SEQ_LANGUAGE_ID.NEXTVAL, 'MENU_PROCESS_PROXYSET','委托设置','Proxy Settings',0);
--insert into TS_MENU (ID, PARENT_ID, MENU_NAME, ICON_CLS, PAGE_URL ) VALUES (92050, 92000, 'MENU_PROCESS_PROXYSET', 'file-text-alt', '/bpm/delegate/mydelegate/listInput.do');
--insert into TS_PERMISSION (ID, MENU_ID, PERMISSION_CODE, PERMISSION_NAME,IS_MENU_PERMISSION) VALUES (92051, 92050, 'ProxySetView', '委托设置查看',1);
--insert into TS_PERMISSION (ID, MENU_ID, PERMISSION_CODE, PERMISSION_NAME,IS_MENU_PERMISSION) VALUES (92052, 92050, 'ProxySetEdit', '委托设置操作',0);
--
--INSERT INTO TS_LANGUAGE(ID,CODE,ZH_CN,EN_US,OPT_COUNTER) VALUES (SEQ_LANGUAGE_ID.NEXTVAL, 'MENU_PROCESS_MYTASK','我的任务','MyTask',0);
--insert into TS_MENU (ID, PARENT_ID, MENU_NAME, ICON_CLS) VALUES (93000, null, 'MENU_PROCESS_MYTASK', 'folder-open');
--
--INSERT INTO TS_LANGUAGE(ID,CODE,ZH_CN,EN_US,OPT_COUNTER) VALUES (SEQ_LANGUAGE_ID.NEXTVAL, 'MENU_TODO_TASK','待办任务','Todo Task',0);
--insert into TS_MENU (ID, PARENT_ID, MENU_NAME, ICON_CLS, PAGE_URL ) VALUES (93010, 93000, 'MENU_TODO_TASK', 'folder-open-alt', '/bpm/task/todo/listInput.do' );
--insert into TS_PERMISSION (ID, MENU_ID, PERMISSION_CODE, PERMISSION_NAME,IS_MENU_PERMISSION) VALUES (93011, 93010, 'TodoTaskView', '待办任务查看',1);
--insert into TS_PERMISSION (ID, MENU_ID, PERMISSION_CODE, PERMISSION_NAME,IS_MENU_PERMISSION) VALUES (93012, 93010, 'TodoTaskEdit', '待办任务操作',0);
--
--INSERT INTO TS_LANGUAGE(ID,CODE,ZH_CN,EN_US,OPT_COUNTER) VALUES (SEQ_LANGUAGE_ID.NEXTVAL, 'MENU_BEHALF_TASK','待签收的任务','Behalf Task',0);
--insert into TS_MENU (ID, PARENT_ID, MENU_NAME, ICON_CLS, PAGE_URL ) VALUES (93020, 93000, 'MENU_BEHALF_TASK', 'globe', '/bpm/task/toclaim/listInput.do' );
--insert into TS_PERMISSION (ID, MENU_ID, PERMISSION_CODE, PERMISSION_NAME,IS_MENU_PERMISSION) VALUES (93021, 93020, 'BehalfTaskView', '代签收任务查看',1);
--insert into TS_PERMISSION (ID, MENU_ID, PERMISSION_CODE, PERMISSION_NAME,IS_MENU_PERMISSION) VALUES (93022, 93020, 'BehalfTaskEdit', '代签收任务操作',0);
--
--INSERT INTO TS_LANGUAGE(ID,CODE,ZH_CN,EN_US,OPT_COUNTER) VALUES (SEQ_LANGUAGE_ID.NEXTVAL, 'MENU_DONE_TASK','已办任务','Done Task',0);
--insert into TS_MENU (ID, PARENT_ID, MENU_NAME, ICON_CLS, PAGE_URL ) VALUES (93030, 93000, 'MENU_DONE_TASK', 'wrench', '/bpm/task/completed/listInput.do' );
--insert into TS_PERMISSION (ID, MENU_ID, PERMISSION_CODE, PERMISSION_NAME,IS_MENU_PERMISSION) VALUES (93031, 93030, 'DoneTaskView', '已办任务查看',1);
--insert into TS_PERMISSION (ID, MENU_ID, PERMISSION_CODE, PERMISSION_NAME,IS_MENU_PERMISSION) VALUES (93032, 93030, 'DoneTaskEdit', '已办任务操作',0);
--
--INSERT INTO TS_LANGUAGE(ID,CODE,ZH_CN,EN_US,OPT_COUNTER) VALUES (SEQ_LANGUAGE_ID.NEXTVAL, 'MENU_PROXY_TASK','代理中的任务','Proxy Task',0);
--insert into TS_MENU (ID, PARENT_ID, MENU_NAME, ICON_CLS, PAGE_URL ) VALUES (93040, 93000, 'MENU_PROXY_TASK', 'money', '/bpm/task/delegating/listInput.do');
--insert into TS_PERMISSION (ID, MENU_ID, PERMISSION_CODE, PERMISSION_NAME,IS_MENU_PERMISSION) VALUES (93041, 93040, 'ProxyTaskView', '代理中任务查看',1);
--insert into TS_PERMISSION (ID, MENU_ID, PERMISSION_CODE, PERMISSION_NAME,IS_MENU_PERMISSION) VALUES (93042, 93040, 'ProxyTaskEdit', '代理中任务操作',0);

---------------请将新的sql放在此行前面-------------------
--必须放在最下面
INSERT INTO TS_ROLE (ID, ROLE_CODE, ROLE_NAME, ROLE_DESC,  OPT_COUNTER, MARK_FOR_DELETE) VALUES (1, 'admin', '系统管理员', '系统管理员', '1','0');
INSERT INTO TS_USER (ID, ACCOUNT, PASSWORD, STATUS, MARK_FOR_DELETE,USER_NAME,EMAIL,GENDER,PHONE) VALUES (1,  'admin', 'c3ce8345d3599ab8a4c337d9fb0d0d93', 'NORMAL',0,'张琦','qizhang@163.com','M','15890987231');
INSERT INTO TR_ROLE_PERMISSION (ROLE_ID, PERMISSION_ID) SELECT 1, ID FROM TS_PERMISSION;

INSERT INTO TR_ROLE_USER (USER_ID, ROLE_ID) VALUES (1, 1);
------------------下面不要有语句-----------------------------------------